{"stats":{"minecraft:killed":{"minecraft:witch":1,"minecraft:spider":4,"minecraft:skeleton":14,"minecraft:chicken":8,"minecraft:silverfish":4,"minecraft:skeleton_horse":1,"minecraft:pig":2,"minecraft:salmon":4,"minecraft:creeper":1,"minecraft:sheep":5,"minecraft:pillager":2,"minecraft:zombie":19,"minecraft:cow":2,"mca:male_zombie_villager":1,"minecraft:vindicator":1,"minecraft:phantom":1,"minecraft:drowned":1,"minecraft:rabbit":2,"minecraft:squid":1,"minecraft:villager":1,"minecraft:enderman":1},"minecraft:broken":{"minecraft:stone_pickaxe":1,"minecraft:stone_hoe":1,"vanillaplustools:stone_hammer":1},"minecraft:crafted":{"minecraft:oak_planks":108,"minecraft:cooked_chicken":8,"minecraft:cobblestone_stairs":60,"minecraft:cooked_mutton":5,"minecraft:glass":64,"minecraft:chest":5,"minecraft:oak_button":1,"minecraft:stone_hoe":2,"minecraft:cooked_rabbit":2,"sophisticatedbackpacks:backpack":1,"minecraft:cooked_porkchop":3,"minecraft:crafting_table":19,"minecraft:spruce_planks":344,"minecraft:wooden_pickaxe":1,"minecraft:spruce_door":6,"minecraft:pumpkin_seeds":8,"minecraft:shield":1,"sophisticatedbackpacks:diamond_backpack":1,"minecraft:stick":184,"minecraft:iron_ingot":28,"minecraft:stone_sword":1,"minecraft:gold_ingot":43,"minecraft:cherry_planks":48,"minecraft:wooden_sword":2,"minecraft:stone_shovel":1,"vanillaplustools:stone_hammer":1,"minecraft:furnace":9,"minecraft:spruce_stairs":16,"minecraft:stone_pickaxe":10,"minecraft:cobbled_deepslate_stairs":40,"minecraft:spruce_boat":2,"minecraft:wheat":117,"sophisticatedbackpacks:iron_backpack":1,"minecraft:red_dye":1,"minecraft:diamond_sword":1,"minecraft:cooked_salmon":1,"sophisticatedbackpacks:gold_backpack":1,"minecraft:stone_axe":2,"minecraft:bread":43,"minecraft:air":0,"minecraft:wooden_axe":1,"minecraft:white_bed":1,"minecraft:torch":485},"minecraft:picked_up":{"minecraft:wheat":31,"minecraft:chainmail_boots":2,"minecraft:lead":1,"minecraft:brewing_stand":4,"minecraft:string":4,"minecraft:raw_copper":161,"minecraft:oak_sign":3,"minecraft:beetroot":23,"vanillaplustools:stone_shovel":2,"minecraft:diamond_leggings":1,"minecraft:cobbled_deepslate":2581,"minecraft:spruce_planks":93,"minecraft:iron_pickaxe":2,"minecraft:furnace":3,"minecraft:stick":39,"minecraft:torch":101,"vanillaplustools:iron_shovel":3,"minecraft:spruce_stairs":1,"minecraft:porkchop":4,"minecraft:cherry_log":18,"minecraft:pointed_dripstone":22,"minecraft:diorite":4,"minecraft:stone_sword":1,"minecraft:rotten_flesh":35,"minecraft:cobblestone":1283,"minecraft:pink_petals":12,"minecraft:feather":8,"minecraft:andesite":6,"minecraft:potato":14,"minecraft:flint":7,"minecraft:tuff":347,"minecraft:lapis_lazuli":9,"minecraft:dirt":103,"minecraft:glass":39,"minecraft:bone":14,"minecraft:bow":1,"minecraft:wheat_seeds":167,"minecraft:raw_gold":51,"minecraft:bell":2,"minecraft:rabbit":2,"minecraft:diamond_helmet":1,"minecraft:glowstone_dust":2,"minecraft:sand":64,"minecraft:ink_sac":3,"minecraft:mossy_cobblestone":1,"minecraft:sugar":3,"minecraft:diamond":18,"minecraft:spruce_boat":2,"minecraft:granite":1,"minecraft:chainmail_helmet":2,"minecraft:bread":4,"minecraft:emerald":3,"minecraft:oak_sapling":21,"minecraft:crafting_table":15,"minecraft:chicken":8,"minecraft:wooden_pickaxe":2,"minecraft:iron_axe":2,"minecraft:wooden_sword":5,"minecraft:iron_shovel":2,"minecraft:poppy":5,"minecraft:sugar_cane":3,"minecraft:chest":1,"minecraft:phantom_membrane":1,"minecraft:raw_iron":39,"minecraft:carrot":13,"minecraft:redstone":103,"minecraft:stone_shovel":2,"minecraft:arrow":11,"minecraft:diamond_chestplate":1,"minecraft:beetroot_seeds":127,"minecraft:deepslate_bricks":1,"minecraft:diamond_boots":1,"minecraft:hay_block":13,"minecraft:mutton":7,"minecraft:white_wool":9,"minecraft:oxeye_daisy":4,"minecraft:golden_carrot":113,"minecraft:glow_ink_sac":7,"minecraft:salmon":3,"minecraft:leather":8,"minecraft:oak_log":91,"minecraft:chainmail_chestplate":2,"minecraft:cobbled_deepslate_stairs":61,"minecraft:yellow_bed":4,"minecraft:gunpowder":1,"minecraft:cobblestone_stairs":2,"mca:book_romance":2,"vanillaplustools:iron_hammer":4,"minecraft:podzol":2,"minecraft:apple":3,"minecraft:stone_pickaxe":12,"minecraft:iron_ingot":6,"minecraft:cooked_chicken":8,"minecraft:iron_sword":2,"minecraft:pumpkin":6,"minecraft:sweet_berries":15,"minecraft:dandelion":2,"minecraft:dripstone_block":5,"minecraft:gravel":63,"minecraft:spruce_sapling":10,"minecraft:white_bed":5,"minecraft:spruce_log":91,"minecraft:spruce_door":3,"minecraft:spider_eye":1,"minecraft:stone_axe":2,"minecraft:chainmail_leggings":2,"vanillaplustools:stone_hammer":6,"minecraft:cherry_sapling":1,"minecraft:baked_potato":8,"minecraft:coal":184,"minecraft:ender_pearl":1},"minecraft:mined":{"minecraft:spruce_planks":5,"minecraft:white_bed":5,"minecraft:cobbled_deepslate_stairs":43,"minecraft:cobblestone_stairs":2,"minecraft:cherry_log":32,"minecraft:brewing_stand":4,"minecraft:granite":15,"minecraft:grass_block":59,"minecraft:deepslate_bricks":1,"minecraft:tall_seagrass":3,"minecraft:cobbled_deepslate":172,"minecraft:iron_ore":23,"minecraft:fire":1,"minecraft:pumpkin":2,"minecraft:fletching_table":1,"minecraft:pointed_dripstone":16,"minecraft:dirt_path":2,"minecraft:deepslate_redstone_ore":22,"minecraft:torch":31,"minecraft:poppy":4,"minecraft:glass":4,"minecraft:cobblestone":87,"minecraft:sugar_cane":2,"minecraft:wall_torch":15,"minecraft:deepslate_copper_ore":5,"minecraft:pink_petals":4,"minecraft:seagrass":3,"minecraft:birch_log":11,"minecraft:wheat":35,"minecraft:grass":313,"minecraft:oak_log":91,"minecraft:beetroots":21,"minecraft:dirt":42,"minecraft:oak_leaves":4,"minecraft:deepslate":3569,"minecraft:infested_deepslate":3,"minecraft:tuff":424,"minecraft:mossy_cobblestone":1,"minecraft:deepslate_diamond_ore":18,"minecraft:glow_lichen":1,"minecraft:large_fern":1,"minecraft:hay_block":13,"minecraft:furnace":3,"minecraft:spruce_sapling":1,"minecraft:carrots":4,"minecraft:andesite":30,"minecraft:bell":2,"minecraft:potatoes":1,"minecraft:deepslate_iron_ore":19,"minecraft:stripped_oak_log":1,"minecraft:stone":1445,"minecraft:spruce_door":3,"minecraft:dandelion":1,"minecraft:crafting_table":9,"minecraft:emerald_ore":1,"minecraft:tall_grass":61,"minecraft:copper_ore":36,"minecraft:deepslate_gold_ore":52,"minecraft:lapis_ore":1,"minecraft:diorite":141,"minecraft:spruce_stairs":1,"minecraft:sweet_berry_bush":7,"minecraft:spruce_log":89,"minecraft:birch_leaves":7,"minecraft:yellow_bed":3,"minecraft:coal_ore":145,"minecraft:dripstone_block":31,"minecraft:gravel":99,"minecraft:fern":2},"minecraft:dropped":{"minecraft:crafting_table":6,"minecraft:flint":1,"minecraft:dirt":10,"minecraft:wooden_sword":5,"minecraft:white_wool":2,"minecraft:bone":3,"minecraft:gravel":8,"minecraft:stone_axe":3,"vanillaplustools:stone_shovel":2,"minecraft:cobbled_deepslate":701,"minecraft:pointed_dripstone":1,"minecraft:beetroot":4,"minecraft:rotten_flesh":23,"minecraft:poppy":4,"minecraft:beetroot_seeds":63,"vanillaplustools:stone_hammer":6,"minecraft:arrow":4,"minecraft:podzol":1,"minecraft:wheat_seeds":55,"minecraft:dripstone_block":3,"minecraft:cobblestone":350,"vanillaplustools:iron_shovel":1,"minecraft:spruce_stairs":2,"minecraft:stick":2,"minecraft:oxeye_daisy":4,"minecraft:diorite":2,"minecraft:ink_sac":3,"minecraft:wooden_axe":1,"minecraft:red_dye":1,"minecraft:spruce_sapling":9,"minecraft:dandelion":2,"minecraft:redstone":9,"minecraft:stone_sword":1,"minecraft:raw_copper":3,"minecraft:tuff":128,"minecraft:stone_shovel":3,"minecraft:andesite":6,"minecraft:yellow_bed":1,"minecraft:spruce_log":2,"minecraft:wooden_pickaxe":1,"minecraft:bow":1,"minecraft:stone_pickaxe":8},"minecraft:used":{"minecraft:beetroot":14,"minecraft:cherry_sapling":1,"minecraft:iron_shovel":136,"minecraft:poppy":1,"minecraft:chest":4,"minecraft:shield":33,"minecraft:iron_sword":187,"minecraft:bell":2,"minecraft:rotten_flesh":3,"minecraft:carrot":12,"minecraft:tuff":5,"minecraft:axolotl_bucket":1,"minecraft:spruce_boat":2,"vanillaplustools:iron_shovel":25,"minecraft:glass":25,"minecraft:sweet_berries":16,"minecraft:furnace":11,"minecraft:beetroot_seeds":64,"minecraft:potato":1,"minecraft:spruce_door":9,"minecraft:stone_pickaxe":135,"minecraft:ender_pearl":1,"minecraft:wooden_pickaxe":15,"minecraft:chainmail_helmet":1,"minecraft:cobbled_deepslate_stairs":65,"minecraft:pumpkin_seeds":8,"minecraft:bread":43,"minecraft:gravel":12,"minecraft:diamond_sword":178,"minecraft:wooden_sword":50,"minecraft:cooked_rabbit":2,"minecraft:stone_sword":76,"minecraft:stone_shovel":38,"minecraft:spruce_planks":59,"vanillaplustools:stone_hammer":11,"minecraft:cooked_salmon":1,"minecraft:stone_hoe":177,"minecraft:torch":511,"minecraft:brewing_stand":4,"minecraft:dirt":130,"minecraft:spruce_stairs":15,"minecraft:granite":1,"minecraft:wooden_axe":33,"minecraft:iron_axe":293,"minecraft:golden_carrot":52,"minecraft:cobbled_deepslate":400,"minecraft:cherry_log":3,"minecraft:pointed_dripstone":1,"minecraft:wheat_seeds":67,"minecraft:cooked_mutton":5,"minecraft:cobblestone_stairs":33,"minecraft:baked_potato":4,"minecraft:deepslate_bricks":1,"minecraft:mossy_cobblestone":1,"minecraft:crafting_table":28,"minecraft:white_bed":5,"minecraft:spruce_log":3,"minecraft:iron_pickaxe":173,"minecraft:spruce_sapling":1,"minecraft:stone_axe":8,"minecraft:pink_petals":12,"minecraft:cobblestone":407,"vanillaplustools:iron_hammer":746,"minecraft:cooked_porkchop":3,"minecraft:bucket":1,"minecraft:yellow_bed":3,"minecraft:chainmail_leggings":1},"minecraft:killed_by":{"minecraft:zombie":1},"minecraft:custom":{"minecraft:animals_bred":5,"minecraft:interact_with_crafting_table":86,"minecraft:open_barrel":2,"minecraft:bell_ring":18,"minecraft:leave_game":1,"minecraft:time_since_death":183076,"minecraft:sprint_one_cm":1532877,"minecraft:damage_blocked_by_shield":2431,"minecraft:drop":112,"minecraft:talked_to_villager":100,"minecraft:play_time":425280,"minecraft:deaths":3,"minecraft:jump":7759,"minecraft:interact_with_brewingstand":3,"minecraft:walk_on_water_one_cm":29387,"minecraft:interact_with_furnace":137,"minecraft:interact_with_cartography_table":1,"minecraft:sleep_in_bed":18,"minecraft:damage_dealt":12252,"minecraft:crouch_one_cm":12893,"minecraft:horse_one_cm":162271,"minecraft:interact_with_smithing_table":1,"minecraft:mob_kills":78,"minecraft:interact_with_anvil":5,"minecraft:interact_with_campfire":3,"minecraft:climb_one_cm":4115,"minecraft:walk_one_cm":1064488,"minecraft:sneak_time":3698,"minecraft:walk_under_water_one_cm":98045,"minecraft:boat_one_cm":1113,"minecraft:total_world_time":425280,"minecraft:interact_with_stonecutter":3,"minecraft:time_since_rest":37249,"minecraft:damage_taken":6522,"minecraft:swim_one_cm":93772,"minecraft:fly_one_cm":1687845,"minecraft:open_chest":216,"minecraft:fall_one_cm":191186}},"DataVersion":3465}