{"stats":{"minecraft:custom":{"minecraft:interact_with_furnace":6,"minecraft:mob_kills":32,"minecraft:interact_with_crafting_table":13,"minecraft:interact_with_cartography_table":1,"minecraft:open_barrel":2,"minecraft:interact_with_campfire":3,"minecraft:interact_with_stonecutter":1,"minecraft:time_since_death":40837,"minecraft:climb_one_cm":315,"minecraft:time_since_rest":40866,"minecraft:sprint_one_cm":211371,"minecraft:damage_taken":1171,"minecraft:walk_one_cm":146873,"minecraft:drop":9,"minecraft:damage_dealt":3344,"minecraft:swim_one_cm":3400,"minecraft:talked_to_villager":3,"minecraft:fly_one_cm":200945,"minecraft:open_chest":42,"minecraft:crouch_one_cm":1656,"minecraft:play_time":58515,"minecraft:deaths":2,"minecraft:sneak_time":381,"minecraft:walk_under_water_one_cm":9767,"minecraft:jump":929,"minecraft:walk_on_water_one_cm":9104,"minecraft:total_world_time":58515,"minecraft:fall_one_cm":24134},"minecraft:dropped":{"minecraft:cobblestone":1,"minecraft:rotten_flesh":2,"minecraft:ink_sac":3,"minecraft:wooden_sword":1,"minecraft:spruce_log":2,"minecraft:stone_pickaxe":1,"minecraft:spruce_sapling":9},"minecraft:used":{"minecraft:wheat_seeds":12,"minecraft:stone_sword":35,"minecraft:stone_shovel":38,"minecraft:stone_pickaxe":96,"minecraft:baked_potato":2,"minecraft:wooden_pickaxe":15,"minecraft:deepslate_bricks":1,"minecraft:rotten_flesh":2,"minecraft:torch":4,"minecraft:mossy_cobblestone":1,"minecraft:dirt":27,"minecraft:crafting_table":6,"minecraft:spruce_log":3,"minecraft:wooden_axe":33,"minecraft:bread":2,"minecraft:gravel":12,"minecraft:stone_axe":5,"minecraft:wooden_sword":50,"minecraft:cobblestone":43,"minecraft:sweet_berries":16,"minecraft:cooked_porkchop":3,"minecraft:furnace":1,"minecraft:cooked_rabbit":2,"minecraft:potato":1},"minecraft:mined":{"minecraft:mossy_cobblestone":1,"minecraft:brewing_stand":1,"minecraft:crafting_table":6,"minecraft:granite":1,"minecraft:grass_block":12,"minecraft:poppy":1,"minecraft:tall_grass":3,"minecraft:deepslate_bricks":1,"minecraft:cobblestone":5,"minecraft:wall_torch":1,"minecraft:large_fern":1,"minecraft:seagrass":3,"minecraft:tall_seagrass":1,"minecraft:furnace":1,"minecraft:iron_ore":5,"minecraft:wheat":12,"minecraft:sweet_berry_bush":7,"minecraft:spruce_log":32,"minecraft:pumpkin":2,"minecraft:grass":4,"minecraft:potatoes":1,"minecraft:coal_ore":26,"minecraft:gravel":17,"minecraft:dirt":12,"minecraft:stone":61,"minecraft:fern":2},"minecraft:picked_up":{"minecraft:crafting_table":6,"minecraft:wheat":8,"minecraft:feather":8,"minecraft:chicken":7,"minecraft:salmon":3,"minecraft:wooden_pickaxe":2,"minecraft:potato":4,"minecraft:flint":1,"minecraft:brewing_stand":1,"mca:book_romance":2,"minecraft:dirt":31,"minecraft:wooden_sword":3,"minecraft:bone":4,"minecraft:oak_sign":3,"minecraft:wheat_seeds":36,"minecraft:spruce_planks":2,"minecraft:stone_pickaxe":1,"minecraft:poppy":1,"minecraft:rabbit":2,"minecraft:furnace":1,"minecraft:raw_iron":5,"minecraft:stick":9,"minecraft:pumpkin":6,"minecraft:sweet_berries":15,"minecraft:torch":1,"minecraft:gravel":16,"minecraft:porkchop":4,"minecraft:spruce_sapling":9,"minecraft:ink_sac":3,"minecraft:spruce_log":34,"minecraft:mossy_cobblestone":1,"minecraft:rotten_flesh":12,"minecraft:deepslate_bricks":1,"minecraft:granite":1,"vanillaplustools:stone_hammer":1,"minecraft:bread":2,"minecraft:baked_potato":7,"minecraft:mutton":6,"minecraft:coal":28,"minecraft:white_wool":4,"minecraft:cobblestone":66},"minecraft:crafted":{"minecraft:wooden_sword":2,"minecraft:stone_shovel":1,"minecraft:cooked_porkchop":3,"minecraft:crafting_table":1,"minecraft:spruce_planks":116,"minecraft:wooden_pickaxe":1,"minecraft:furnace":1,"minecraft:stone_axe":1,"minecraft:bread":2,"minecraft:stick":8,"minecraft:stone_pickaxe":1,"minecraft:wooden_axe":1,"minecraft:stone_sword":1,"minecraft:torch":8,"minecraft:cooked_rabbit":2},"minecraft:killed":{"minecraft:pig":2,"mca:male_zombie_villager":1,"minecraft:salmon":4,"minecraft:rabbit":2,"minecraft:squid":1,"minecraft:sheep":4,"minecraft:skeleton":1,"minecraft:zombie":8,"minecraft:chicken":7},"minecraft:killed_by":{"minecraft:zombie":1}},"DataVersion":3465}