{"stats":{"minecraft:custom":{"minecraft:time_since_rest":4866,"minecraft:sprint_one_cm":89601,"minecraft:damage_taken":836,"minecraft:walk_one_cm":63199,"minecraft:mob_kills":12,"minecraft:drop":5,"minecraft:damage_dealt":1959,"minecraft:interact_with_cartography_table":1,"minecraft:talked_to_villager":3,"minecraft:interact_with_crafting_table":5,"minecraft:fly_one_cm":61354,"minecraft:open_barrel":2,"minecraft:open_chest":3,"minecraft:play_time":22515,"minecraft:deaths":2,"minecraft:interact_with_campfire":3,"minecraft:sneak_time":114,"minecraft:walk_under_water_one_cm":5433,"minecraft:jump":279,"minecraft:interact_with_stonecutter":1,"minecraft:walk_on_water_one_cm":1528,"minecraft:time_since_death":4837,"minecraft:climb_one_cm":315,"minecraft:total_world_time":22515,"minecraft:fall_one_cm":6069},"minecraft:dropped":{"minecraft:rotten_flesh":2,"minecraft:wooden_sword":1,"minecraft:spruce_log":2},"minecraft:used":{"minecraft:wheat_seeds":12,"minecraft:bread":1,"minecraft:baked_potato":1,"minecraft:wooden_pickaxe":5,"minecraft:rotten_flesh":2,"minecraft:torch":1,"minecraft:wooden_sword":38,"minecraft:dirt":23,"minecraft:potato":1},"minecraft:mined":{"minecraft:wheat":12,"minecraft:sweet_berry_bush":6,"minecraft:spruce_log":2,"minecraft:pumpkin":2,"minecraft:potatoes":1,"minecraft:dirt":1,"minecraft:wall_torch":1},"minecraft:picked_up":{"minecraft:stick":2,"minecraft:wheat":8,"minecraft:pumpkin":6,"minecraft:sweet_berries":15,"minecraft:torch":1,"minecraft:wooden_pickaxe":2,"minecraft:potato":4,"minecraft:spruce_sapling":1,"minecraft:spruce_log":4,"mca:book_romance":2,"minecraft:dirt":23,"minecraft:wooden_sword":3,"minecraft:bone":4,"minecraft:rotten_flesh":12,"minecraft:wheat_seeds":31,"minecraft:spruce_planks":2,"minecraft:bread":2,"minecraft:baked_potato":7},"minecraft:crafted":{"minecraft:wooden_sword":1,"minecraft:spruce_planks":8,"minecraft:stick":4,"minecraft:wooden_pickaxe":1,"minecraft:bread":2},"minecraft:killed":{"minecraft:skeleton":1,"minecraft:zombie":8,"mca:male_zombie_villager":1},"minecraft:killed_by":{"minecraft:zombie":1}},"DataVersion":3465}