{"stats":{"minecraft:custom":{"minecraft:interact_with_furnace":6,"minecraft:mob_kills":21,"minecraft:interact_with_crafting_table":12,"minecraft:interact_with_cartography_table":1,"minecraft:open_barrel":2,"minecraft:interact_with_campfire":3,"minecraft:interact_with_stonecutter":1,"minecraft:time_since_death":28837,"minecraft:climb_one_cm":315,"minecraft:time_since_rest":28866,"minecraft:sprint_one_cm":177596,"minecraft:damage_taken":956,"minecraft:walk_one_cm":123464,"minecraft:drop":9,"minecraft:damage_dealt":2674,"minecraft:swim_one_cm":3400,"minecraft:talked_to_villager":3,"minecraft:fly_one_cm":151636,"minecraft:open_chest":37,"minecraft:crouch_one_cm":1112,"minecraft:play_time":46515,"minecraft:deaths":2,"minecraft:sneak_time":273,"minecraft:walk_under_water_one_cm":9265,"minecraft:jump":661,"minecraft:walk_on_water_one_cm":5283,"minecraft:total_world_time":46515,"minecraft:fall_one_cm":16649},"minecraft:dropped":{"minecraft:cobblestone":1,"minecraft:rotten_flesh":2,"minecraft:ink_sac":3,"minecraft:wooden_sword":1,"minecraft:spruce_log":2,"minecraft:stone_pickaxe":1,"minecraft:spruce_sapling":9},"minecraft:used":{"minecraft:wheat_seeds":12,"minecraft:stone_sword":13,"minecraft:stone_shovel":13,"minecraft:stone_pickaxe":46,"minecraft:baked_potato":1,"minecraft:wooden_pickaxe":15,"minecraft:deepslate_bricks":1,"minecraft:rotten_flesh":2,"minecraft:torch":1,"minecraft:mossy_cobblestone":1,"minecraft:dirt":26,"minecraft:crafting_table":5,"minecraft:spruce_log":3,"minecraft:wooden_axe":33,"minecraft:bread":2,"minecraft:stone_axe":4,"minecraft:wooden_sword":50,"minecraft:cobblestone":15,"minecraft:sweet_berries":16,"minecraft:furnace":1,"minecraft:cooked_rabbit":2,"minecraft:potato":1},"minecraft:mined":{"minecraft:mossy_cobblestone":1,"minecraft:crafting_table":5,"minecraft:grass_block":6,"minecraft:poppy":1,"minecraft:deepslate_bricks":1,"minecraft:cobblestone":4,"minecraft:wall_torch":1,"minecraft:large_fern":1,"minecraft:seagrass":1,"minecraft:tall_seagrass":1,"minecraft:furnace":1,"minecraft:wheat":12,"minecraft:sweet_berry_bush":7,"minecraft:spruce_log":32,"minecraft:pumpkin":2,"minecraft:grass":3,"minecraft:potatoes":1,"minecraft:coal_ore":2,"minecraft:dirt":9,"minecraft:stone":46,"minecraft:fern":2},"minecraft:picked_up":{"minecraft:crafting_table":5,"minecraft:wheat":8,"minecraft:salmon":3,"minecraft:wooden_pickaxe":2,"minecraft:potato":4,"mca:book_romance":2,"minecraft:dirt":26,"minecraft:wooden_sword":3,"minecraft:bone":4,"minecraft:oak_sign":3,"minecraft:wheat_seeds":33,"minecraft:spruce_planks":2,"minecraft:stone_pickaxe":1,"minecraft:poppy":1,"minecraft:rabbit":2,"minecraft:furnace":1,"minecraft:stick":9,"minecraft:pumpkin":6,"minecraft:sweet_berries":15,"minecraft:torch":1,"minecraft:porkchop":3,"minecraft:spruce_sapling":9,"minecraft:ink_sac":3,"minecraft:spruce_log":34,"minecraft:mossy_cobblestone":1,"minecraft:rotten_flesh":12,"minecraft:deepslate_bricks":1,"minecraft:bread":2,"minecraft:baked_potato":7,"minecraft:mutton":2,"minecraft:coal":2,"minecraft:white_wool":1,"minecraft:cobblestone":50},"minecraft:crafted":{"minecraft:wooden_sword":2,"minecraft:stone_shovel":1,"minecraft:cooked_porkchop":3,"minecraft:crafting_table":1,"minecraft:spruce_planks":116,"minecraft:wooden_pickaxe":1,"minecraft:furnace":1,"minecraft:stone_axe":1,"minecraft:bread":2,"minecraft:stick":8,"minecraft:stone_pickaxe":1,"minecraft:wooden_axe":1,"minecraft:stone_sword":1,"minecraft:cooked_rabbit":2},"minecraft:killed":{"minecraft:pig":1,"mca:male_zombie_villager":1,"minecraft:salmon":4,"minecraft:rabbit":2,"minecraft:squid":1,"minecraft:sheep":1,"minecraft:skeleton":1,"minecraft:zombie":8},"minecraft:killed_by":{"minecraft:zombie":1}},"DataVersion":3465}