{"stats":{"minecraft:killed":{"mca:male_zombie_villager":1,"minecraft:phantom":1,"minecraft:skeleton":4,"minecraft:chicken":8,"minecraft:drowned":1,"minecraft:silverfish":4,"minecraft:pig":2,"minecraft:salmon":4,"minecraft:rabbit":2,"minecraft:squid":1,"minecraft:sheep":5,"minecraft:zombie":9,"minecraft:villager":1,"minecraft:cow":2},"minecraft:broken":{"minecraft:stone_hoe":1,"minecraft:stone_pickaxe":1,"vanillaplustools:stone_hammer":1},"minecraft:crafted":{"minecraft:wooden_sword":2,"minecraft:stone_shovel":1,"vanillaplustools:stone_hammer":1,"minecraft:cooked_chicken":8,"minecraft:furnace":9,"minecraft:cobblestone_stairs":60,"minecraft:cooked_mutton":5,"minecraft:glass":64,"minecraft:spruce_stairs":16,"minecraft:stone_pickaxe":10,"minecraft:chest":5,"minecraft:cobbled_deepslate_stairs":40,"minecraft:stone_hoe":2,"minecraft:cooked_rabbit":2,"minecraft:wheat":117,"minecraft:red_dye":1,"minecraft:cooked_porkchop":3,"minecraft:crafting_table":19,"minecraft:spruce_planks":344,"minecraft:wooden_pickaxe":1,"minecraft:spruce_door":6,"minecraft:cooked_salmon":1,"minecraft:pumpkin_seeds":8,"minecraft:stone_axe":1,"minecraft:bread":41,"minecraft:air":0,"minecraft:stick":88,"minecraft:wooden_axe":1,"minecraft:stone_sword":1,"minecraft:white_bed":1,"minecraft:torch":201},"minecraft:picked_up":{"minecraft:crafting_table":15,"minecraft:wheat":22,"minecraft:chainmail_boots":2,"minecraft:chicken":8,"minecraft:lead":1,"minecraft:wooden_pickaxe":2,"minecraft:brewing_stand":4,"minecraft:raw_copper":147,"minecraft:iron_axe":2,"minecraft:wooden_sword":5,"minecraft:iron_shovel":2,"minecraft:oak_sign":3,"minecraft:beetroot":11,"vanillaplustools:stone_shovel":2,"minecraft:diamond_leggings":1,"minecraft:cobbled_deepslate":769,"minecraft:spruce_planks":93,"minecraft:poppy":5,"minecraft:iron_pickaxe":2,"minecraft:chest":1,"minecraft:phantom_membrane":1,"minecraft:furnace":2,"minecraft:stick":26,"minecraft:raw_iron":18,"minecraft:torch":59,"vanillaplustools:iron_shovel":3,"minecraft:spruce_stairs":1,"minecraft:porkchop":4,"minecraft:cherry_log":6,"minecraft:pointed_dripstone":2,"minecraft:diorite":2,"minecraft:carrot":13,"minecraft:redstone":69,"minecraft:diamond_chestplate":1,"minecraft:stone_sword":1,"minecraft:arrow":4,"minecraft:stone_shovel":2,"minecraft:rotten_flesh":29,"minecraft:beetroot_seeds":92,"minecraft:diamond_boots":1,"minecraft:deepslate_bricks":1,"minecraft:hay_block":13,"minecraft:mutton":7,"minecraft:white_wool":9,"minecraft:cobblestone":1121,"minecraft:oxeye_daisy":4,"minecraft:feather":8,"minecraft:golden_carrot":113,"minecraft:andesite":6,"minecraft:salmon":3,"minecraft:leather":8,"minecraft:potato":14,"minecraft:flint":1,"minecraft:tuff":68,"minecraft:chainmail_chestplate":2,"minecraft:yellow_bed":4,"minecraft:cobbled_deepslate_stairs":61,"minecraft:cobblestone_stairs":2,"mca:book_romance":2,"vanillaplustools:iron_hammer":4,"minecraft:dirt":90,"minecraft:glass":39,"minecraft:bone":9,"minecraft:bow":1,"minecraft:wheat_seeds":95,"minecraft:cooked_chicken":8,"minecraft:raw_gold":8,"minecraft:bell":2,"minecraft:stone_pickaxe":12,"minecraft:diamond_helmet":1,"minecraft:rabbit":2,"minecraft:iron_sword":2,"minecraft:pumpkin":6,"minecraft:sweet_berries":15,"minecraft:dandelion":2,"minecraft:gravel":20,"minecraft:sand":64,"minecraft:spruce_sapling":9,"minecraft:ink_sac":3,"minecraft:spruce_log":91,"minecraft:spruce_door":3,"minecraft:mossy_cobblestone":1,"minecraft:stone_axe":2,"minecraft:chainmail_leggings":2,"minecraft:granite":1,"vanillaplustools:stone_hammer":6,"minecraft:cherry_sapling":1,"minecraft:emerald":2,"minecraft:bread":4,"minecraft:chainmail_helmet":2,"minecraft:baked_potato":8,"minecraft:coal":145},"minecraft:mined":{"minecraft:infested_deepslate":3,"minecraft:tuff":79,"minecraft:spruce_planks":5,"minecraft:mossy_cobblestone":1,"minecraft:cobbled_deepslate_stairs":43,"minecraft:cobblestone_stairs":2,"minecraft:brewing_stand":4,"minecraft:glow_lichen":1,"minecraft:granite":15,"minecraft:grass_block":57,"minecraft:deepslate_bricks":1,"minecraft:large_fern":1,"minecraft:hay_block":13,"minecraft:tall_seagrass":3,"minecraft:furnace":2,"minecraft:carrots":4,"minecraft:iron_ore":15,"minecraft:cobbled_deepslate":156,"minecraft:andesite":30,"minecraft:pumpkin":2,"minecraft:bell":2,"minecraft:potatoes":1,"minecraft:pointed_dripstone":8,"minecraft:dirt_path":2,"minecraft:deepslate_iron_ore":6,"minecraft:stone":1253,"minecraft:deepslate_redstone_ore":15,"minecraft:dandelion":1,"minecraft:spruce_door":3,"minecraft:crafting_table":9,"minecraft:torch":3,"minecraft:emerald_ore":1,"minecraft:poppy":4,"minecraft:copper_ore":36,"minecraft:tall_grass":29,"minecraft:glass":4,"minecraft:cobblestone":86,"minecraft:deepslate_gold_ore":8,"minecraft:diorite":139,"minecraft:wall_torch":1,"minecraft:spruce_stairs":1,"minecraft:seagrass":3,"minecraft:wheat":26,"minecraft:sweet_berry_bush":7,"minecraft:spruce_log":89,"minecraft:birch_leaves":6,"minecraft:yellow_bed":3,"minecraft:grass":218,"minecraft:coal_ore":106,"minecraft:beetroots":20,"minecraft:gravel":19,"minecraft:dirt":23,"minecraft:dripstone_block":24,"minecraft:deepslate":816,"minecraft:fern":2},"minecraft:dropped":{"minecraft:crafting_table":6,"minecraft:cobblestone":350,"vanillaplustools:iron_shovel":1,"minecraft:spruce_stairs":2,"minecraft:flint":1,"minecraft:oxeye_daisy":4,"minecraft:dirt":10,"minecraft:diorite":2,"minecraft:ink_sac":3,"minecraft:wooden_axe":1,"minecraft:wooden_sword":5,"minecraft:red_dye":1,"minecraft:white_wool":2,"minecraft:bone":3,"minecraft:spruce_sapling":9,"minecraft:dandelion":2,"minecraft:redstone":9,"minecraft:gravel":8,"minecraft:stone_axe":3,"vanillaplustools:stone_shovel":2,"minecraft:stone_sword":1,"minecraft:cobbled_deepslate":65,"minecraft:raw_copper":3,"minecraft:tuff":64,"minecraft:pointed_dripstone":1,"minecraft:stone_shovel":3,"minecraft:beetroot":4,"minecraft:rotten_flesh":23,"minecraft:poppy":4,"minecraft:beetroot_seeds":39,"minecraft:andesite":6,"minecraft:yellow_bed":1,"vanillaplustools:stone_hammer":6,"minecraft:spruce_log":2,"minecraft:bow":1,"minecraft:arrow":4,"minecraft:stone_pickaxe":8,"minecraft:wooden_pickaxe":1},"minecraft:used":{"minecraft:beetroot":2,"minecraft:cherry_sapling":1,"minecraft:stone_sword":76,"minecraft:iron_shovel":56,"minecraft:stone_shovel":38,"minecraft:poppy":1,"minecraft:chest":4,"minecraft:spruce_planks":54,"minecraft:iron_sword":184,"vanillaplustools:stone_hammer":11,"minecraft:cooked_salmon":1,"minecraft:bell":2,"minecraft:rotten_flesh":2,"minecraft:stone_hoe":177,"minecraft:torch":128,"minecraft:brewing_stand":4,"minecraft:dirt":126,"minecraft:spruce_stairs":15,"minecraft:carrot":12,"minecraft:tuff":5,"minecraft:granite":1,"minecraft:glass":25,"minecraft:wooden_axe":33,"vanillaplustools:iron_shovel":22,"minecraft:iron_axe":96,"minecraft:golden_carrot":20,"minecraft:sweet_berries":16,"minecraft:furnace":11,"minecraft:beetroot_seeds":53,"minecraft:potato":1,"minecraft:cobbled_deepslate":373,"minecraft:cherry_log":3,"minecraft:pointed_dripstone":1,"minecraft:cooked_mutton":5,"minecraft:wheat_seeds":53,"minecraft:cobblestone_stairs":33,"minecraft:spruce_door":9,"minecraft:baked_potato":4,"minecraft:stone_pickaxe":135,"minecraft:wooden_pickaxe":15,"minecraft:chainmail_helmet":1,"minecraft:deepslate_bricks":1,"minecraft:mossy_cobblestone":1,"minecraft:crafting_table":28,"minecraft:white_bed":1,"minecraft:spruce_log":3,"minecraft:pumpkin_seeds":8,"minecraft:cobbled_deepslate_stairs":65,"minecraft:bread":43,"minecraft:iron_pickaxe":165,"minecraft:gravel":12,"minecraft:stone_axe":8,"minecraft:wooden_sword":50,"minecraft:cobblestone":376,"vanillaplustools:iron_hammer":330,"minecraft:cooked_porkchop":3,"minecraft:cooked_rabbit":2,"minecraft:yellow_bed":3,"minecraft:chainmail_leggings":1},"minecraft:killed_by":{"minecraft:zombie":1},"minecraft:custom":{"minecraft:mob_kills":47,"minecraft:animals_bred":3,"minecraft:interact_with_crafting_table":56,"minecraft:open_barrel":2,"minecraft:interact_with_campfire":3,"minecraft:bell_ring":15,"minecraft:leave_game":1,"minecraft:time_since_death":21076,"minecraft:climb_one_cm":1720,"minecraft:sprint_one_cm":835463,"minecraft:walk_one_cm":748524,"minecraft:drop":87,"minecraft:talked_to_villager":11,"minecraft:play_time":263280,"minecraft:sneak_time":2506,"minecraft:deaths":3,"minecraft:walk_under_water_one_cm":63913,"minecraft:interact_with_brewingstand":2,"minecraft:jump":4087,"minecraft:walk_on_water_one_cm":13176,"minecraft:total_world_time":263280,"minecraft:interact_with_furnace":92,"minecraft:interact_with_cartography_table":1,"minecraft:interact_with_stonecutter":2,"minecraft:sleep_in_bed":10,"minecraft:time_since_rest":21104,"minecraft:damage_taken":5175,"minecraft:damage_dealt":6332,"minecraft:swim_one_cm":21967,"minecraft:fly_one_cm":841287,"minecraft:open_chest":105,"minecraft:crouch_one_cm":9631,"minecraft:fall_one_cm":103494,"minecraft:horse_one_cm":6210}},"DataVersion":3465}