{"stats":{"minecraft:killed":{"mca:male_zombie_villager":1,"minecraft:witch":1,"minecraft:spider":4,"minecraft:phantom":1,"minecraft:skeleton":12,"minecraft:chicken":8,"minecraft:drowned":1,"minecraft:silverfish":4,"minecraft:pig":2,"minecraft:salmon":4,"minecraft:rabbit":2,"minecraft:creeper":1,"minecraft:squid":1,"minecraft:sheep":5,"minecraft:zombie":18,"minecraft:villager":1,"minecraft:enderman":1,"minecraft:cow":2},"minecraft:broken":{"minecraft:stone_hoe":1,"minecraft:stone_pickaxe":1,"vanillaplustools:stone_hammer":1},"minecraft:crafted":{"minecraft:cherry_planks":48,"minecraft:wooden_sword":2,"minecraft:stone_shovel":1,"vanillaplustools:stone_hammer":1,"minecraft:cooked_chicken":8,"minecraft:furnace":9,"minecraft:cobblestone_stairs":60,"minecraft:cooked_mutton":5,"minecraft:glass":64,"minecraft:spruce_stairs":16,"minecraft:stone_pickaxe":10,"minecraft:chest":5,"minecraft:cobbled_deepslate_stairs":40,"minecraft:spruce_boat":2,"minecraft:stone_hoe":2,"minecraft:cooked_rabbit":2,"minecraft:wheat":117,"minecraft:red_dye":1,"minecraft:diamond_sword":1,"sophisticatedbackpacks:backpack":1,"minecraft:cooked_porkchop":3,"minecraft:crafting_table":19,"minecraft:spruce_planks":344,"minecraft:wooden_pickaxe":1,"minecraft:spruce_door":6,"minecraft:cooked_salmon":1,"minecraft:pumpkin_seeds":8,"minecraft:stone_axe":2,"minecraft:bread":43,"minecraft:air":0,"minecraft:shield":1,"minecraft:stick":184,"minecraft:iron_ingot":20,"minecraft:wooden_axe":1,"minecraft:stone_sword":1,"minecraft:gold_ingot":29,"minecraft:white_bed":1,"minecraft:torch":485},"minecraft:picked_up":{"minecraft:crafting_table":15,"minecraft:wheat":31,"minecraft:chainmail_boots":2,"minecraft:chicken":8,"minecraft:lead":1,"minecraft:wooden_pickaxe":2,"minecraft:brewing_stand":4,"minecraft:string":4,"minecraft:raw_copper":147,"minecraft:iron_axe":2,"minecraft:wooden_sword":5,"minecraft:iron_shovel":2,"minecraft:oak_sign":3,"minecraft:beetroot":12,"vanillaplustools:stone_shovel":2,"minecraft:diamond_leggings":1,"minecraft:cobbled_deepslate":1864,"minecraft:spruce_planks":93,"minecraft:poppy":5,"minecraft:iron_pickaxe":2,"minecraft:sugar_cane":3,"minecraft:chest":1,"minecraft:phantom_membrane":1,"minecraft:furnace":3,"minecraft:stick":39,"minecraft:raw_iron":31,"minecraft:torch":66,"vanillaplustools:iron_shovel":3,"minecraft:spruce_stairs":1,"minecraft:porkchop":4,"minecraft:cherry_log":18,"minecraft:pointed_dripstone":22,"minecraft:diorite":4,"minecraft:carrot":13,"minecraft:redstone":69,"minecraft:diamond_chestplate":1,"minecraft:stone_sword":1,"minecraft:arrow":10,"minecraft:stone_shovel":2,"minecraft:rotten_flesh":34,"minecraft:beetroot_seeds":98,"minecraft:diamond_boots":1,"minecraft:deepslate_bricks":1,"minecraft:hay_block":13,"minecraft:mutton":7,"minecraft:white_wool":9,"minecraft:cobblestone":1224,"minecraft:oxeye_daisy":4,"minecraft:feather":8,"minecraft:golden_carrot":113,"minecraft:glow_ink_sac":7,"minecraft:andesite":6,"minecraft:salmon":3,"minecraft:leather":8,"minecraft:potato":14,"minecraft:oak_log":91,"minecraft:flint":7,"minecraft:tuff":256,"minecraft:gunpowder":1,"minecraft:chainmail_chestplate":2,"minecraft:yellow_bed":4,"minecraft:cobbled_deepslate_stairs":61,"minecraft:cobblestone_stairs":2,"mca:book_romance":2,"vanillaplustools:iron_hammer":4,"minecraft:dirt":99,"minecraft:podzol":2,"minecraft:glass":39,"minecraft:bone":14,"minecraft:apple":3,"minecraft:bow":1,"minecraft:wheat_seeds":161,"minecraft:iron_ingot":6,"minecraft:cooked_chicken":8,"minecraft:raw_gold":37,"minecraft:bell":2,"minecraft:stone_pickaxe":12,"minecraft:glowstone_dust":2,"minecraft:diamond_helmet":1,"minecraft:rabbit":2,"minecraft:iron_sword":2,"minecraft:pumpkin":6,"minecraft:sweet_berries":15,"minecraft:dandelion":2,"minecraft:dripstone_block":2,"minecraft:gravel":63,"minecraft:sand":64,"minecraft:spruce_sapling":10,"minecraft:ink_sac":3,"minecraft:white_bed":4,"minecraft:spruce_log":91,"minecraft:spider_eye":1,"minecraft:spruce_door":3,"minecraft:mossy_cobblestone":1,"minecraft:spruce_boat":2,"minecraft:sugar":3,"minecraft:diamond":4,"minecraft:stone_axe":2,"minecraft:chainmail_leggings":2,"minecraft:granite":1,"vanillaplustools:stone_hammer":6,"minecraft:cherry_sapling":1,"minecraft:emerald":2,"minecraft:bread":4,"minecraft:chainmail_helmet":2,"minecraft:baked_potato":8,"minecraft:oak_sapling":21,"minecraft:coal":180,"minecraft:ender_pearl":1},"minecraft:mined":{"minecraft:infested_deepslate":3,"minecraft:tuff":267,"minecraft:spruce_planks":5,"minecraft:white_bed":4,"minecraft:mossy_cobblestone":1,"minecraft:deepslate_diamond_ore":4,"minecraft:cobbled_deepslate_stairs":43,"minecraft:cherry_log":32,"minecraft:cobblestone_stairs":2,"minecraft:brewing_stand":4,"minecraft:glow_lichen":1,"minecraft:granite":15,"minecraft:grass_block":59,"minecraft:deepslate_bricks":1,"minecraft:large_fern":1,"minecraft:hay_block":13,"minecraft:tall_seagrass":3,"minecraft:spruce_sapling":1,"minecraft:furnace":3,"minecraft:carrots":4,"minecraft:fire":1,"minecraft:iron_ore":15,"minecraft:cobbled_deepslate":172,"minecraft:andesite":30,"minecraft:pumpkin":2,"minecraft:fletching_table":1,"minecraft:bell":2,"minecraft:potatoes":1,"minecraft:pointed_dripstone":16,"minecraft:dirt_path":2,"minecraft:deepslate_iron_ore":19,"minecraft:stripped_oak_log":1,"minecraft:stone":1386,"minecraft:deepslate_redstone_ore":15,"minecraft:dandelion":1,"minecraft:spruce_door":3,"minecraft:crafting_table":9,"minecraft:torch":4,"minecraft:emerald_ore":1,"minecraft:poppy":4,"minecraft:copper_ore":36,"minecraft:tall_grass":59,"minecraft:glass":4,"minecraft:cobblestone":87,"minecraft:sugar_cane":2,"minecraft:deepslate_gold_ore":38,"minecraft:diorite":141,"minecraft:wall_torch":4,"minecraft:spruce_stairs":1,"minecraft:seagrass":3,"minecraft:birch_log":11,"minecraft:wheat":35,"minecraft:sweet_berry_bush":7,"minecraft:spruce_log":89,"minecraft:birch_leaves":7,"minecraft:yellow_bed":3,"minecraft:oak_log":91,"minecraft:grass":285,"minecraft:coal_ore":141,"minecraft:beetroots":21,"minecraft:gravel":69,"minecraft:dirt":38,"minecraft:dripstone_block":28,"minecraft:oak_leaves":4,"minecraft:deepslate":2008,"minecraft:fern":2},"minecraft:dropped":{"minecraft:wheat_seeds":54,"minecraft:crafting_table":6,"minecraft:cobblestone":350,"vanillaplustools:iron_shovel":1,"minecraft:spruce_stairs":2,"minecraft:stick":2,"minecraft:flint":1,"minecraft:oxeye_daisy":4,"minecraft:dirt":10,"minecraft:diorite":2,"minecraft:ink_sac":3,"minecraft:wooden_axe":1,"minecraft:wooden_sword":5,"minecraft:red_dye":1,"minecraft:white_wool":2,"minecraft:bone":3,"minecraft:spruce_sapling":9,"minecraft:dandelion":2,"minecraft:redstone":9,"minecraft:gravel":8,"minecraft:stone_axe":3,"vanillaplustools:stone_shovel":2,"minecraft:stone_sword":1,"minecraft:cobbled_deepslate":528,"minecraft:raw_copper":3,"minecraft:tuff":64,"minecraft:pointed_dripstone":1,"minecraft:stone_shovel":3,"minecraft:beetroot":4,"minecraft:rotten_flesh":23,"minecraft:poppy":4,"minecraft:beetroot_seeds":45,"minecraft:andesite":6,"minecraft:yellow_bed":1,"vanillaplustools:stone_hammer":6,"minecraft:podzol":1,"minecraft:spruce_log":2,"minecraft:bow":1,"minecraft:arrow":4,"minecraft:stone_pickaxe":8,"minecraft:wooden_pickaxe":1},"minecraft:used":{"minecraft:beetroot":3,"minecraft:cherry_sapling":1,"minecraft:stone_sword":76,"minecraft:iron_shovel":103,"minecraft:stone_shovel":38,"minecraft:poppy":1,"minecraft:shield":26,"minecraft:chest":4,"minecraft:spruce_planks":59,"minecraft:iron_sword":187,"vanillaplustools:stone_hammer":11,"minecraft:cooked_salmon":1,"minecraft:bell":2,"minecraft:rotten_flesh":2,"minecraft:stone_hoe":177,"minecraft:torch":385,"minecraft:brewing_stand":4,"minecraft:dirt":126,"minecraft:spruce_stairs":15,"minecraft:carrot":12,"minecraft:tuff":5,"minecraft:granite":1,"minecraft:spruce_boat":2,"minecraft:glass":25,"minecraft:wooden_axe":33,"vanillaplustools:iron_shovel":25,"minecraft:iron_axe":293,"minecraft:golden_carrot":43,"minecraft:sweet_berries":16,"minecraft:furnace":11,"minecraft:beetroot_seeds":53,"minecraft:potato":1,"minecraft:cobbled_deepslate":400,"minecraft:cherry_log":3,"minecraft:pointed_dripstone":1,"minecraft:cooked_mutton":5,"minecraft:wheat_seeds":62,"minecraft:cobblestone_stairs":33,"minecraft:spruce_door":9,"minecraft:baked_potato":4,"minecraft:stone_pickaxe":135,"minecraft:wooden_pickaxe":15,"minecraft:chainmail_helmet":1,"minecraft:deepslate_bricks":1,"minecraft:mossy_cobblestone":1,"minecraft:crafting_table":28,"minecraft:white_bed":4,"minecraft:spruce_log":3,"minecraft:pumpkin_seeds":8,"minecraft:cobbled_deepslate_stairs":65,"minecraft:bread":43,"minecraft:iron_pickaxe":173,"minecraft:spruce_sapling":1,"minecraft:gravel":12,"minecraft:stone_axe":8,"minecraft:diamond_sword":110,"minecraft:wooden_sword":50,"minecraft:cobblestone":400,"vanillaplustools:iron_hammer":528,"minecraft:cooked_porkchop":3,"minecraft:cooked_rabbit":2,"minecraft:yellow_bed":3,"minecraft:chainmail_leggings":1},"minecraft:killed_by":{"minecraft:zombie":1},"minecraft:custom":{"minecraft:interact_with_smithing_table":1,"minecraft:interact_with_anvil":4,"minecraft:mob_kills":71,"minecraft:animals_bred":5,"minecraft:interact_with_crafting_table":81,"minecraft:open_barrel":2,"minecraft:interact_with_campfire":3,"minecraft:bell_ring":17,"minecraft:leave_game":1,"minecraft:time_since_death":135076,"minecraft:climb_one_cm":1720,"minecraft:sprint_one_cm":1317854,"minecraft:walk_one_cm":980138,"minecraft:damage_blocked_by_shield":1966,"minecraft:drop":105,"minecraft:talked_to_villager":73,"minecraft:play_time":377280,"minecraft:sneak_time":3365,"minecraft:deaths":3,"minecraft:walk_under_water_one_cm":97380,"minecraft:boat_one_cm":1113,"minecraft:interact_with_brewingstand":3,"minecraft:jump":6601,"minecraft:walk_on_water_one_cm":27065,"minecraft:total_world_time":377280,"minecraft:interact_with_furnace":124,"minecraft:interact_with_cartography_table":1,"minecraft:interact_with_stonecutter":3,"minecraft:sleep_in_bed":17,"minecraft:time_since_rest":4213,"minecraft:damage_taken":5896,"minecraft:damage_dealt":10841,"minecraft:swim_one_cm":52718,"minecraft:fly_one_cm":1414219,"minecraft:open_chest":184,"minecraft:crouch_one_cm":12461,"minecraft:fall_one_cm":159769,"minecraft:horse_one_cm":162271}},"DataVersion":3465}