{"stats":{"minecraft:custom":{"minecraft:mob_kills":35,"minecraft:interact_with_crafting_table":25,"minecraft:open_barrel":2,"minecraft:interact_with_campfire":3,"minecraft:bell_ring":3,"minecraft:time_since_death":76837,"minecraft:climb_one_cm":315,"minecraft:sprint_one_cm":298596,"minecraft:walk_one_cm":243359,"minecraft:drop":46,"minecraft:talked_to_villager":9,"minecraft:play_time":94515,"minecraft:deaths":2,"minecraft:sneak_time":626,"minecraft:walk_under_water_one_cm":10720,"minecraft:jump":1413,"minecraft:walk_on_water_one_cm":9771,"minecraft:total_world_time":94515,"minecraft:interact_with_furnace":16,"minecraft:interact_with_cartography_table":1,"minecraft:interact_with_stonecutter":1,"minecraft:sleep_in_bed":4,"minecraft:time_since_rest":33388,"minecraft:damage_taken":2488,"minecraft:damage_dealt":3895,"minecraft:swim_one_cm":3400,"minecraft:fly_one_cm":294032,"minecraft:open_chest":65,"minecraft:crouch_one_cm":2411,"minecraft:fall_one_cm":41568,"minecraft:horse_one_cm":6209},"minecraft:dropped":{"minecraft:cobblestone":5,"minecraft:dirt":5,"minecraft:ink_sac":3,"minecraft:wooden_sword":4,"minecraft:red_dye":1,"minecraft:spruce_sapling":9,"minecraft:gravel":8,"minecraft:stone_axe":3,"minecraft:stone_sword":1,"minecraft:stone_shovel":3,"minecraft:rotten_flesh":16,"minecraft:poppy":2,"minecraft:beetroot_seeds":39,"vanillaplustools:stone_hammer":5,"minecraft:spruce_log":2,"minecraft:stone_pickaxe":8,"minecraft:wooden_pickaxe":1},"minecraft:used":{"minecraft:stone_sword":76,"minecraft:iron_shovel":1,"minecraft:stone_shovel":38,"minecraft:iron_sword":1,"vanillaplustools:stone_hammer":11,"minecraft:stone_hoe":100,"minecraft:cooked_salmon":1,"minecraft:rotten_flesh":2,"minecraft:torch":19,"minecraft:brewing_stand":1,"minecraft:dirt":27,"minecraft:carrot":12,"minecraft:wooden_axe":33,"minecraft:iron_axe":1,"minecraft:sweet_berries":16,"minecraft:furnace":3,"minecraft:beetroot_seeds":23,"minecraft:potato":1,"minecraft:pointed_dripstone":1,"minecraft:wheat_seeds":12,"minecraft:cooked_mutton":4,"minecraft:stone_pickaxe":135,"minecraft:baked_potato":3,"minecraft:wooden_pickaxe":15,"minecraft:deepslate_bricks":1,"minecraft:mossy_cobblestone":1,"minecraft:crafting_table":9,"minecraft:pumpkin_seeds":8,"minecraft:spruce_log":3,"minecraft:bread":12,"minecraft:iron_pickaxe":1,"minecraft:gravel":12,"minecraft:stone_axe":8,"minecraft:wooden_sword":50,"minecraft:cobblestone":61,"vanillaplustools:iron_hammer":23,"minecraft:cooked_porkchop":3,"minecraft:cooked_rabbit":2,"minecraft:yellow_bed":1},"minecraft:mined":{"minecraft:spruce_planks":1,"minecraft:mossy_cobblestone":1,"minecraft:brewing_stand":2,"minecraft:granite":1,"minecraft:grass_block":12,"minecraft:deepslate_bricks":1,"minecraft:large_fern":1,"minecraft:hay_block":13,"minecraft:tall_seagrass":1,"minecraft:furnace":1,"minecraft:carrots":4,"minecraft:iron_ore":6,"minecraft:pumpkin":2,"minecraft:bell":1,"minecraft:deepslate_iron_ore":2,"minecraft:potatoes":1,"minecraft:pointed_dripstone":1,"minecraft:dirt_path":2,"minecraft:stone":261,"minecraft:crafting_table":7,"minecraft:torch":1,"minecraft:poppy":1,"minecraft:copper_ore":7,"minecraft:cobblestone":7,"minecraft:tall_grass":3,"minecraft:wall_torch":1,"minecraft:seagrass":3,"minecraft:wheat":12,"minecraft:sweet_berry_bush":7,"minecraft:spruce_log":32,"minecraft:yellow_bed":2,"minecraft:grass":5,"minecraft:coal_ore":45,"minecraft:beetroots":15,"minecraft:dirt":12,"minecraft:gravel":19,"minecraft:deepslate":30,"minecraft:fern":2},"minecraft:broken":{"minecraft:stone_pickaxe":1,"vanillaplustools:stone_hammer":1},"minecraft:picked_up":{"minecraft:crafting_table":7,"minecraft:wheat":8,"minecraft:chainmail_boots":1,"minecraft:chicken":8,"minecraft:lead":1,"minecraft:wooden_pickaxe":2,"minecraft:brewing_stand":2,"minecraft:raw_copper":25,"minecraft:iron_axe":1,"minecraft:wooden_sword":5,"minecraft:iron_shovel":1,"minecraft:oak_sign":3,"minecraft:beetroot":2,"vanillaplustools:stone_shovel":2,"minecraft:spruce_planks":3,"minecraft:poppy":2,"minecraft:iron_pickaxe":1,"minecraft:furnace":1,"minecraft:stick":9,"minecraft:raw_iron":8,"minecraft:torch":4,"vanillaplustools:iron_shovel":1,"minecraft:porkchop":4,"minecraft:pointed_dripstone":1,"minecraft:carrot":10,"minecraft:stone_shovel":2,"minecraft:stone_sword":1,"minecraft:arrow":2,"minecraft:rotten_flesh":20,"minecraft:beetroot_seeds":62,"minecraft:deepslate_bricks":1,"minecraft:hay_block":13,"minecraft:mutton":6,"minecraft:cobblestone":179,"minecraft:white_wool":4,"minecraft:feather":8,"minecraft:salmon":3,"minecraft:potato":4,"minecraft:flint":1,"minecraft:chainmail_chestplate":1,"minecraft:yellow_bed":2,"mca:book_romance":2,"vanillaplustools:iron_hammer":2,"minecraft:dirt":32,"minecraft:bone":4,"minecraft:wheat_seeds":37,"minecraft:bell":1,"minecraft:stone_pickaxe":12,"minecraft:rabbit":2,"minecraft:iron_sword":1,"minecraft:pumpkin":6,"minecraft:sweet_berries":15,"minecraft:gravel":20,"minecraft:spruce_sapling":9,"minecraft:ink_sac":3,"minecraft:spruce_log":34,"minecraft:mossy_cobblestone":1,"minecraft:stone_axe":2,"minecraft:chainmail_leggings":1,"minecraft:granite":1,"vanillaplustools:stone_hammer":6,"minecraft:bread":2,"minecraft:chainmail_helmet":1,"minecraft:baked_potato":7,"minecraft:coal":47},"minecraft:crafted":{"minecraft:wooden_sword":2,"minecraft:stone_shovel":1,"vanillaplustools:stone_hammer":1,"minecraft:furnace":2,"minecraft:cooked_mutton":4,"minecraft:stone_pickaxe":10,"minecraft:stone_hoe":1,"minecraft:cooked_rabbit":2,"minecraft:wheat":117,"minecraft:red_dye":1,"minecraft:cooked_porkchop":3,"minecraft:crafting_table":2,"minecraft:spruce_planks":116,"minecraft:wooden_pickaxe":1,"minecraft:cooked_salmon":1,"minecraft:pumpkin_seeds":8,"minecraft:stone_axe":1,"minecraft:bread":41,"minecraft:stick":32,"minecraft:wooden_axe":1,"minecraft:stone_sword":1,"minecraft:torch":24},"minecraft:killed":{"mca:male_zombie_villager":1,"minecraft:skeleton":2,"minecraft:chicken":8,"minecraft:pig":2,"minecraft:salmon":4,"minecraft:rabbit":2,"minecraft:squid":1,"minecraft:sheep":4,"minecraft:zombie":8,"minecraft:villager":1},"minecraft:killed_by":{"minecraft:zombie":1}},"DataVersion":3465}