{"stats":{"minecraft:custom":{"minecraft:mob_kills":44,"minecraft:interact_with_crafting_table":42,"minecraft:open_barrel":2,"minecraft:interact_with_campfire":3,"minecraft:bell_ring":3,"minecraft:time_since_death":154837,"minecraft:climb_one_cm":315,"minecraft:sprint_one_cm":561305,"minecraft:walk_one_cm":484895,"minecraft:drop":58,"minecraft:talked_to_villager":11,"minecraft:play_time":172515,"minecraft:deaths":2,"minecraft:sneak_time":1420,"minecraft:walk_under_water_one_cm":60485,"minecraft:interact_with_brewingstand":2,"minecraft:jump":2621,"minecraft:walk_on_water_one_cm":10742,"minecraft:total_world_time":172515,"minecraft:interact_with_furnace":20,"minecraft:interact_with_cartography_table":1,"minecraft:interact_with_stonecutter":1,"minecraft:sleep_in_bed":4,"minecraft:time_since_rest":111388,"minecraft:damage_taken":3511,"minecraft:damage_dealt":5375,"minecraft:swim_one_cm":15736,"minecraft:fly_one_cm":551414,"minecraft:open_chest":81,"minecraft:crouch_one_cm":6783,"minecraft:fall_one_cm":64219,"minecraft:horse_one_cm":6209},"minecraft:dropped":{"minecraft:cobblestone":5,"minecraft:flint":1,"minecraft:dirt":5,"minecraft:ink_sac":3,"minecraft:wooden_axe":1,"minecraft:wooden_sword":5,"minecraft:red_dye":1,"minecraft:spruce_sapling":9,"minecraft:gravel":8,"minecraft:stone_axe":3,"vanillaplustools:stone_shovel":2,"minecraft:cobbled_deepslate":64,"minecraft:stone_sword":1,"minecraft:tuff":64,"minecraft:stone_shovel":3,"minecraft:rotten_flesh":16,"minecraft:poppy":3,"minecraft:beetroot_seeds":39,"minecraft:yellow_bed":1,"vanillaplustools:stone_hammer":6,"minecraft:spruce_log":2,"minecraft:arrow":4,"minecraft:stone_pickaxe":8,"minecraft:wooden_pickaxe":1},"minecraft:used":{"minecraft:beetroot":2,"minecraft:stone_sword":76,"minecraft:iron_shovel":50,"minecraft:stone_shovel":38,"minecraft:chest":4,"minecraft:spruce_planks":53,"minecraft:iron_sword":79,"vanillaplustools:stone_hammer":11,"minecraft:stone_hoe":156,"minecraft:cooked_salmon":1,"minecraft:rotten_flesh":2,"minecraft:torch":55,"minecraft:brewing_stand":4,"minecraft:dirt":92,"minecraft:spruce_stairs":15,"minecraft:carrot":12,"minecraft:tuff":5,"minecraft:granite":1,"vanillaplustools:iron_shovel":22,"minecraft:wooden_axe":33,"minecraft:iron_axe":81,"minecraft:sweet_berries":16,"minecraft:furnace":11,"minecraft:beetroot_seeds":53,"minecraft:potato":1,"minecraft:cobbled_deepslate":160,"minecraft:pointed_dripstone":1,"minecraft:wheat_seeds":19,"minecraft:cooked_mutton":4,"minecraft:cobblestone_stairs":2,"minecraft:spruce_door":9,"minecraft:stone_pickaxe":135,"minecraft:baked_potato":3,"minecraft:wooden_pickaxe":15,"minecraft:deepslate_bricks":1,"minecraft:mossy_cobblestone":1,"minecraft:crafting_table":10,"minecraft:cobbled_deepslate_stairs":38,"minecraft:pumpkin_seeds":8,"minecraft:spruce_log":3,"minecraft:bread":39,"minecraft:iron_pickaxe":91,"minecraft:gravel":12,"minecraft:stone_axe":8,"minecraft:wooden_sword":50,"minecraft:cobblestone":328,"vanillaplustools:iron_hammer":167,"minecraft:cooked_porkchop":3,"minecraft:cooked_rabbit":2,"minecraft:yellow_bed":3},"minecraft:mined":{"minecraft:infested_deepslate":3,"minecraft:tuff":79,"minecraft:spruce_planks":4,"minecraft:mossy_cobblestone":1,"minecraft:cobbled_deepslate_stairs":30,"minecraft:brewing_stand":4,"minecraft:granite":1,"minecraft:grass_block":57,"minecraft:deepslate_bricks":1,"minecraft:large_fern":1,"minecraft:hay_block":13,"minecraft:tall_seagrass":1,"minecraft:furnace":2,"minecraft:carrots":4,"minecraft:iron_ore":6,"minecraft:cobbled_deepslate":145,"minecraft:pumpkin":2,"minecraft:bell":1,"minecraft:deepslate_iron_ore":5,"minecraft:potatoes":1,"minecraft:pointed_dripstone":1,"minecraft:dirt_path":2,"minecraft:stone":261,"minecraft:deepslate_redstone_ore":15,"minecraft:dandelion":1,"minecraft:spruce_door":3,"minecraft:crafting_table":7,"minecraft:torch":1,"minecraft:poppy":2,"minecraft:copper_ore":7,"minecraft:cobblestone":39,"minecraft:tall_grass":21,"minecraft:deepslate_gold_ore":8,"minecraft:wall_torch":1,"minecraft:spruce_stairs":1,"minecraft:seagrass":3,"minecraft:wheat":12,"minecraft:sweet_berry_bush":7,"minecraft:birch_leaves":6,"minecraft:spruce_log":89,"minecraft:yellow_bed":3,"minecraft:grass":115,"minecraft:coal_ore":45,"minecraft:beetroots":20,"minecraft:dirt":18,"minecraft:gravel":19,"minecraft:deepslate":812,"minecraft:fern":2},"minecraft:broken":{"minecraft:stone_hoe":1,"minecraft:stone_pickaxe":1,"vanillaplustools:stone_hammer":1},"minecraft:picked_up":{"minecraft:crafting_table":7,"minecraft:wheat":8,"minecraft:chainmail_boots":1,"minecraft:chicken":8,"minecraft:lead":1,"minecraft:wooden_pickaxe":2,"minecraft:brewing_stand":4,"minecraft:raw_copper":25,"minecraft:iron_axe":1,"minecraft:wooden_sword":5,"minecraft:iron_shovel":1,"minecraft:oak_sign":3,"minecraft:beetroot":7,"vanillaplustools:stone_shovel":2,"minecraft:cobbled_deepslate":429,"minecraft:spruce_planks":6,"minecraft:poppy":3,"minecraft:iron_pickaxe":1,"minecraft:phantom_membrane":1,"minecraft:furnace":2,"minecraft:stick":9,"minecraft:raw_iron":11,"minecraft:torch":7,"vanillaplustools:iron_shovel":1,"minecraft:spruce_stairs":1,"minecraft:porkchop":4,"minecraft:pointed_dripstone":1,"minecraft:carrot":10,"minecraft:redstone":69,"minecraft:stone_shovel":2,"minecraft:stone_sword":1,"minecraft:arrow":4,"minecraft:rotten_flesh":22,"minecraft:beetroot_seeds":92,"minecraft:deepslate_bricks":1,"minecraft:hay_block":13,"minecraft:mutton":7,"minecraft:cobblestone":211,"minecraft:white_wool":5,"minecraft:feather":8,"minecraft:salmon":3,"minecraft:leather":4,"minecraft:potato":4,"minecraft:flint":1,"minecraft:tuff":68,"minecraft:chainmail_chestplate":1,"minecraft:cobbled_deepslate_stairs":30,"minecraft:yellow_bed":4,"mca:book_romance":2,"vanillaplustools:iron_hammer":2,"minecraft:dirt":65,"minecraft:bone":4,"minecraft:wheat_seeds":51,"minecraft:raw_gold":8,"minecraft:bell":1,"minecraft:stone_pickaxe":12,"minecraft:rabbit":2,"minecraft:iron_sword":1,"minecraft:pumpkin":6,"minecraft:sweet_berries":15,"minecraft:dandelion":1,"minecraft:gravel":20,"minecraft:spruce_sapling":9,"minecraft:ink_sac":3,"minecraft:spruce_log":91,"minecraft:spruce_door":3,"minecraft:mossy_cobblestone":1,"minecraft:stone_axe":2,"minecraft:chainmail_leggings":1,"minecraft:granite":1,"vanillaplustools:stone_hammer":6,"minecraft:bread":4,"minecraft:chainmail_helmet":1,"minecraft:baked_potato":8,"minecraft:coal":47},"minecraft:crafted":{"minecraft:wooden_sword":2,"minecraft:stone_shovel":1,"vanillaplustools:stone_hammer":1,"minecraft:furnace":9,"minecraft:cobblestone_stairs":4,"minecraft:cooked_mutton":4,"minecraft:spruce_stairs":16,"minecraft:stone_pickaxe":10,"minecraft:chest":4,"minecraft:cobbled_deepslate_stairs":40,"minecraft:stone_hoe":2,"minecraft:cooked_rabbit":2,"minecraft:wheat":117,"minecraft:red_dye":1,"minecraft:cooked_porkchop":3,"minecraft:crafting_table":3,"minecraft:spruce_planks":344,"minecraft:wooden_pickaxe":1,"minecraft:spruce_door":6,"minecraft:cooked_salmon":1,"minecraft:pumpkin_seeds":8,"minecraft:stone_axe":1,"minecraft:bread":41,"minecraft:stick":56,"minecraft:wooden_axe":1,"minecraft:stone_sword":1,"minecraft:torch":68},"minecraft:killed":{"mca:male_zombie_villager":1,"minecraft:phantom":1,"minecraft:skeleton":2,"minecraft:chicken":8,"minecraft:silverfish":4,"minecraft:pig":2,"minecraft:salmon":4,"minecraft:rabbit":2,"minecraft:squid":1,"minecraft:sheep":5,"minecraft:zombie":9,"minecraft:villager":1,"minecraft:cow":2},"minecraft:killed_by":{"minecraft:zombie":1}},"DataVersion":3465}