{"stats":{"minecraft:used":{"minecraft:stone_sword":45,"minecraft:polished_deepslate":11,"minecraft:iron_shovel":149,"minecraft:spruce_planks":119,"minecraft:chest":141,"minecraft:shield":4,"vanillaplustools:stone_hammer":982,"minecraft:torch":270,"minecraft:dirt":71,"minecraft:spruce_stairs":106,"minecraft:diamond_helmet":1,"minecraft:spruce_fence":12,"minecraft:polished_diorite":565,"minecraft:spruce_boat":7,"minecraft:dark_oak_planks":1,"minecraft:spruce_button":2,"minecraft:villager_spawn_egg":6,"minecraft:iron_axe":730,"minecraft:birch_sapling":2,"minecraft:totem_of_undying":2,"minecraft:diamond_chestplate":1,"minecraft:golden_carrot":16,"minecraft:bow":6,"minecraft:furnace":2,"minecraft:oak_sapling":21,"minecraft:cooked_beef":7,"minecraft:potato":1,"minecraft:cobbled_deepslate":252,"minecraft:pumpkin":2,"minecraft:water_bucket":10,"minecraft:spruce_door":2,"minecraft:stone_pickaxe":97,"minecraft:stonecutter":3,"minecraft:blue_bed":7,"minecraft:deepslate_bricks":446,"minecraft:crafting_table":7,"minecraft:red_bed":4,"vanillaplustools:stone_shovel":75,"minecraft:blast_furnace":2,"minecraft:white_bed":1,"minecraft:dark_oak_door":1,"minecraft:spruce_log":56,"minecraft:deepslate_tiles":14,"minecraft:oak_log":44,"minecraft:lever":2,"minecraft:apple":6,"minecraft:bread":69,"minecraft:iron_pickaxe":488,"minecraft:spruce_pressure_plate":2,"minecraft:iron_door":6,"minecraft:spruce_sapling":70,"minecraft:stone_axe":134,"minecraft:diamond_sword":186,"minecraft:cobblestone":273,"minecraft:purple_bed":1,"minecraft:dark_oak_fence":7,"minecraft:bucket":11,"minecraft:yellow_bed":6,"minecraft:diamond_leggings":2},"minecraft:custom":{"minecraft:mob_kills":79,"minecraft:animals_bred":1,"minecraft:interact_with_crafting_table":77,"minecraft:open_barrel":2,"minecraft:leave_game":1,"minecraft:time_since_death":7903,"minecraft:climb_one_cm":20513,"minecraft:sprint_one_cm":835632,"minecraft:walk_one_cm":1224712,"minecraft:damage_blocked_by_shield":1170,"minecraft:drop":59,"minecraft:talked_to_villager":3,"minecraft:play_time":453834,"minecraft:deaths":3,"minecraft:sneak_time":12288,"minecraft:walk_under_water_one_cm":8666,"minecraft:boat_one_cm":80,"minecraft:jump":5502,"minecraft:interact_with_blast_furnace":17,"minecraft:walk_on_water_one_cm":12295,"minecraft:total_world_time":456501,"minecraft:interact_with_furnace":17,"minecraft:pot_flower":1,"minecraft:interact_with_stonecutter":7,"minecraft:sleep_in_bed":31,"minecraft:time_since_rest":7923,"minecraft:damage_taken":5848,"minecraft:damage_absorbed":80,"minecraft:damage_dealt":14537,"minecraft:swim_one_cm":42617,"minecraft:fly_one_cm":1154124,"minecraft:open_chest":199,"minecraft:crouch_one_cm":26987,"minecraft:fall_one_cm":103188,"minecraft:horse_one_cm":16902},"minecraft:dropped":{"minecraft:iron_ingot":10,"minecraft:bread":128,"minecraft:iron_sword":1,"minecraft:wheat_seeds":10,"mca:wedding_ring_rg":1,"minecraft:diamond":1,"minecraft:golden_horse_armor":1,"minecraft:diamond_leggings":2,"minecraft:iron_helmet":1,"minecraft:cobblestone":767,"minecraft:lead":2,"minecraft:saddle":2,"minecraft:stick":38,"mca:wedding_ring":1,"minecraft:golden_carrot":32,"minecraft:diamond_helmet":1,"minecraft:iron_pickaxe":2,"minecraft:white_wool":1,"minecraft:gold_ingot":1,"minecraft:cobbled_deepslate":70,"minecraft:raw_copper":128,"minecraft:tuff":53,"minecraft:totem_of_undying":1,"minecraft:deepslate_tiles":2,"mca:villager_editor":3,"minecraft:diamond_chestplate":2,"simpleradio:transceiver":3,"minecraft:diamond_boots":1,"minecraft:spruce_log":12,"minecraft:raw_gold":8,"minecraft:black_wool":7},"minecraft:broken":{"minecraft:iron_axe":2,"minecraft:stone_axe":1},"minecraft:crafted":{"minecraft:oak_planks":11,"minecraft:stone_shovel":9,"vanillaplustools:stone_hammer":16,"minecraft:spruce_button":2,"mca:wedding_ring_rg":1,"minecraft:furnace":1,"minecraft:stone":3,"minecraft:lever":2,"minecraft:spruce_fence":22,"minecraft:spruce_pressure_plate":2,"minecraft:spruce_stairs":26,"minecraft:diamond_helmet":2,"minecraft:polished_deepslate":9,"minecraft:diamond_leggings":1,"minecraft:polished_diorite":112,"minecraft:iron_axe":2,"minecraft:spruce_slab":1,"minecraft:stone_pickaxe":93,"minecraft:chest":134,"minecraft:iron_door":2,"minecraft:spruce_boat":1,"vanillaplustools:stone_shovel":1,"sophisticatedbackpacks:iron_backpack":1,"minecraft:cooked_beef":7,"minecraft:red_dye":1,"minecraft:diamond_sword":1,"mca:engagement_ring":1,"sophisticatedbackpacks:backpack":1,"minecraft:crafting_table":3,"minecraft:spruce_planks":399,"minecraft:red_bed":1,"minecraft:blue_bed":1,"minecraft:bucket":1,"minecraft:deepslate_tiles":9,"minecraft:stone_axe":1,"minecraft:air":2971,"minecraft:blue_dye":1,"mca:rose_gold_ingot":8,"minecraft:diamond_pickaxe":1,"minecraft:shield":1,"mca:rose_gold_dust":8,"minecraft:stick":88,"minecraft:iron_ingot":23,"minecraft:iron_pickaxe":2,"minecraft:stone_sword":1,"minecraft:iron_shovel":1,"minecraft:gold_ingot":12,"minecraft:stonecutter":1,"minecraft:white_bed":2,"minecraft:torch":54,"minecraft:deepslate_bricks":9,"minecraft:shears":1,"minecraft:diamond_chestplate":1},"minecraft:killed_by":{"minecraft:vex":1},"minecraft:picked_up":{"minecraft:crafting_table":4,"minecraft:ladder":4,"minecraft:lead":4,"minecraft:diamond_sword":3,"minecraft:polished_deepslate":11,"minecraft:red_bed":3,"minecraft:iron_axe":4,"minecraft:string":68,"minecraft:raw_copper":182,"minecraft:white_carpet":8,"simpleradio:transceiver":4,"minecraft:iron_shovel":3,"vanillaplustools:stone_shovel":3,"minecraft:diamond_leggings":3,"minecraft:deepslate_tiles":16,"minecraft:cobbled_deepslate":2538,"minecraft:spruce_planks":18,"minecraft:beef":7,"minecraft:poppy":16,"minecraft:iron_pickaxe":4,"minecraft:melon_slice":160,"minecraft:coal_block":3,"minecraft:sugar_cane":16,"minecraft:chest":8,"minecraft:birch_sapling":2,"minecraft:furnace":1,"minecraft:dark_oak_door":2,"mca:wedding_ring":1,"minecraft:dark_oak_sapling":5,"minecraft:stick":161,"minecraft:raw_iron":29,"minecraft:spruce_fence":11,"minecraft:torch":175,"minecraft:spruce_stairs":23,"minecraft:diorite":445,"minecraft:redstone":93,"minecraft:dark_oak_planks":15,"minecraft:diamond_chestplate":3,"minecraft:arrow":34,"minecraft:rotten_flesh":36,"minecraft:diamond_boots":3,"minecraft:deepslate_bricks":11,"minecraft:totem_of_undying":7,"minecraft:gold_ingot":1,"minecraft:mutton":2,"minecraft:rail":4,"minecraft:cobblestone":3264,"minecraft:white_wool":5,"minecraft:birch_log":15,"minecraft:cooked_beef":4,"minecraft:golden_carrot":58,"minecraft:iron_door":2,"minecraft:andesite":257,"minecraft:leather":5,"minecraft:potato":1,"minecraft:flint":10,"minecraft:tuff":170,"minecraft:oak_log":110,"minecraft:cobblestone_wall":1,"minecraft:yellow_bed":6,"minecraft:gunpowder":55,"minecraft:cobblestone_stairs":8,"minecraft:lapis_lazuli":34,"minecraft:dirt":293,"minecraft:blue_bed":6,"minecraft:red_carpet":5,"minecraft:bone":46,"minecraft:apple":10,"minecraft:bow":8,"minecraft:stonecutter":2,"minecraft:wheat_seeds":14,"minecraft:raw_gold":26,"minecraft:iron_ingot":7,"mca:villager_editor":1,"minecraft:diamond_helmet":3,"minecraft:book":381,"mca:wedding_ring_rg":1,"minecraft:pumpkin":2,"minecraft:gravel":41,"minecraft:spruce_sapling":94,"sophisticatedbackpacks:iron_backpack":3,"minecraft:blast_furnace":2,"minecraft:white_bed":1,"minecraft:spruce_log":379,"minecraft:dark_oak_log":92,"minecraft:spruce_door":4,"minecraft:spider_eye":3,"minecraft:polished_andesite":8,"minecraft:purple_bed":1,"minecraft:diamond":29,"minecraft:spruce_boat":7,"minecraft:polished_diorite":117,"vanillaplustools:stone_hammer":3,"minecraft:bread":1,"minecraft:emerald":39,"minecraft:black_wool":7,"minecraft:damaged_anvil":8,"minecraft:oak_sapling":25,"minecraft:dark_oak_fence":7,"minecraft:coal":121},"minecraft:mined":{"minecraft:infested_deepslate":4,"minecraft:dark_oak_planks":4,"minecraft:deepslate_tiles":15,"minecraft:tuff":269,"minecraft:spruce_planks":18,"minecraft:white_bed":1,"minecraft:deepslate_diamond_ore":29,"minecraft:cobblestone_stairs":2,"minecraft:dark_oak_log":103,"minecraft:dark_oak_fence":6,"minecraft:spruce_fence":5,"minecraft:grass_block":105,"minecraft:deepslate_bricks":11,"minecraft:polished_diorite":117,"minecraft:spruce_leaves":11,"minecraft:large_fern":1,"minecraft:furnace":1,"minecraft:spruce_sapling":6,"minecraft:cobbled_deepslate":53,"minecraft:iron_ore":21,"minecraft:fire":1,"minecraft:andesite":286,"minecraft:pumpkin":2,"minecraft:deepslate_lapis_ore":6,"minecraft:polished_deepslate":11,"minecraft:bookshelf":52,"minecraft:potatoes":1,"minecraft:deepslate_iron_ore":8,"minecraft:stone":3410,"minecraft:deepslate_redstone_ore":20,"minecraft:glass_pane":2,"minecraft:red_bed":3,"minecraft:spruce_door":4,"minecraft:crafting_table":4,"minecraft:torch":24,"minecraft:blast_furnace":2,"minecraft:melon":8,"minecraft:poppy":14,"minecraft:chest":8,"minecraft:tall_grass":8,"minecraft:copper_ore":55,"minecraft:cobblestone":180,"minecraft:deepslate_gold_ore":26,"minecraft:sugar_cane":15,"minecraft:damaged_anvil":2,"minecraft:iron_door":1,"minecraft:diorite":451,"minecraft:blue_bed":5,"minecraft:wall_torch":25,"minecraft:spruce_stairs":23,"minecraft:purple_bed":1,"minecraft:cobblestone_wall":1,"minecraft:dark_oak_door":1,"minecraft:birch_log":17,"minecraft:wheat":1,"minecraft:spruce_log":380,"minecraft:yellow_bed":4,"minecraft:black_wool":10,"minecraft:grass":35,"minecraft:oak_log":115,"minecraft:coal_ore":97,"minecraft:gravel":181,"minecraft:dirt":204,"minecraft:stonecutter":2,"minecraft:polished_andesite":2,"minecraft:deepslate":3520,"minecraft:oak_leaves":1,"minecraft:fern":1},"minecraft:killed":{"minecraft:vex":4,"minecraft:evoker":3,"minecraft:vindicator":20,"minecraft:spider":5,"minecraft:skeleton":13,"minecraft:silverfish":4,"minecraft:iron_golem":1,"minecraft:creeper":6,"minecraft:sheep":1,"minecraft:trader_llama":1,"minecraft:pillager":1,"minecraft:zombie":17,"minecraft:cow":3}},"DataVersion":3465}