{"stats":{"minecraft:killed":{"minecraft:zombified_piglin":8,"minecraft:donkey":1,"minecraft:zombie":2,"minecraft:silverfish":1,"minecraft:villager":1},"minecraft:mined":{"minecraft:infested_deepslate":1,"minecraft:deepslate_redstone_ore":4,"minecraft:tuff":141,"minecraft:deepslate_diamond_ore":21,"minecraft:amethyst_cluster":11,"minecraft:lever":3,"minecraft:calcite":14,"minecraft:cobblestone":1,"minecraft:deepslate_gold_ore":20,"minecraft:oak_wall_sign":1,"minecraft:wall_torch":3,"minecraft:amethyst_block":5,"minecraft:iron_ore":5,"minecraft:cobbled_deepslate":17,"minecraft:deepslate_iron_ore":2,"minecraft:dirt_path":1,"minecraft:smooth_basalt":6,"minecraft:stone":16,"minecraft:deepslate":1878},"minecraft:crafted":{"minecraft:oak_planks":12,"minecraft:oak_sign":6,"minecraft:spyglass":2,"minecraft:copper_ingot":4,"minecraft:air":0},"minecraft:custom":{"minecraft:interact_with_furnace":8,"minecraft:mob_kills":13,"minecraft:interact_with_crafting_table":5,"minecraft:damage_dealt_resisted":261,"minecraft:leave_game":2,"minecraft:time_since_death":135977,"minecraft:sleep_in_bed":2,"minecraft:climb_one_cm":8173,"minecraft:time_since_rest":112699,"minecraft:sprint_one_cm":190047,"minecraft:damage_taken":458,"minecraft:walk_one_cm":256039,"minecraft:drop":54,"minecraft:damage_dealt":2298,"minecraft:swim_one_cm":23071,"minecraft:fly_one_cm":823366,"minecraft:open_chest":18,"minecraft:crouch_one_cm":5811,"minecraft:play_time":135977,"minecraft:sneak_time":3620,"minecraft:walk_under_water_one_cm":4460,"minecraft:jump":1599,"minecraft:interact_with_blast_furnace":2,"minecraft:walk_on_water_one_cm":675,"minecraft:total_world_time":135977,"minecraft:fall_one_cm":11733},"minecraft:dropped":{"minecraft:water_bucket":1,"minecraft:iron_ingot":73,"minecraft:bread":77,"minecraft:spyglass":1,"minecraft:cobbled_deepslate":128,"minecraft:diamond":92,"minecraft:diamond_leggings":3,"minecraft:netherite_helmet":1,"minecraft:rotten_flesh":2,"minecraft:iron_hoe":1,"minecraft:oak_sign":2,"minecraft:pumpkin_seeds":1,"minecraft:red_carpet":6,"sophisticatedbackpacks:gold_backpack":1,"minecraft:diamond_sword":1,"mca:villager_editor":1,"minecraft:diamond_chestplate":1,"minecraft:golden_carrot":17,"minecraft:torch":64,"minecraft:diamond_helmet":1,"vanillaplustools:stone_hammer":3,"simpleradio:transceiver":2,"minecraft:diamond_boots":2,"minecraft:iron_axe":1,"minecraft:iron_pickaxe":1,"mca:engagement_ring_rg":1,"minecraft:gold_ingot":32},"minecraft:picked_up":{"minecraft:water_bucket":1,"minecraft:leather":2,"minecraft:tuff":141,"minecraft:amethyst_block":5,"cave_dweller:cave_dweller_spawn_egg":1,"mca:book_romance":1,"minecraft:dirt":1,"minecraft:raw_copper":4,"minecraft:oak_sign":1,"minecraft:diamond_leggings":2,"minecraft:gold_nugget":2,"minecraft:cobbled_deepslate":379,"minecraft:raw_gold":20,"minecraft:calcite":14,"minecraft:iron_pickaxe":1,"minecraft:raw_iron":7,"minecraft:smooth_basalt":6,"minecraft:torch":3,"minecraft:amethyst_shard":44,"minecraft:redstone":29,"minecraft:pumpkin_seeds":1,"minecraft:rotten_flesh":4,"minecraft:diamond":30,"minecraft:netherite_helmet":1,"minecraft:lever":3,"minecraft:diamond_boots":1,"minecraft:saddle":1,"minecraft:netherrack":4,"minecraft:coal":3},"minecraft:used":{"mca:male_villager_spawn_egg":7,"minecraft:water_bucket":1,"cave_dweller:cave_dweller_spawn_egg":3,"minecraft:stone_pickaxe":1,"vanillaplustools:stone_hammer":124,"minecraft:netherrack":4,"minecraft:torch":50,"minecraft:spyglass":16,"minecraft:crafting_table":2,"mca:female_villager_spawn_egg":13,"minecraft:white_bed":1,"minecraft:tuff":15,"minecraft:dark_oak_door":1,"minecraft:polished_diorite":18,"minecraft:lever":1,"minecraft:diamond_pickaxe":84,"minecraft:villager_spawn_egg":7,"minecraft:bread":21,"minecraft:diamond_sword":47,"minecraft:potion":1,"vanillaplustools:iron_hammer":110,"minecraft:bucket":1,"minecraft:yellow_bed":4,"minecraft:cobbled_deepslate":90}},"DataVersion":3465}