{"stats":{"minecraft:killed":{"minecraft:zombified_piglin":8,"minecraft:spider":2,"minecraft:skeleton":10,"minecraft:silverfish":1,"minecraft:skeleton_horse":2,"minecraft:creeper":6,"minecraft:donkey":1,"minecraft:zombie":21,"cave_dweller:cave_dweller":1,"mca:female_zombie_villager":1,"minecraft:phantom":1,"mca:female_villager":2,"minecraft:villager":1},"minecraft:broken":{"vanillaplustools:iron_shovel":3,"minecraft:diamond_axe":1,"vanillaplustools:stone_shovel":1},"minecraft:crafted":{"minecraft:oak_planks":32,"minecraft:oak_sign":6,"minecraft:cherry_slab":6,"minecraft:stone":512,"minecraft:diamond_shovel":9,"minecraft:spruce_pressure_plate":1,"vanillaplustools:iron_hammer":3,"vanillaplustools:diamond_shovel":1,"minecraft:crafting_table":2,"minecraft:spruce_planks":512,"minecraft:smithing_table":1,"minecraft:copper_ingot":4,"minecraft:lectern":1,"minecraft:diamond_pickaxe":9,"minecraft:iron_pickaxe":9,"vanillaplustools:diamond_hammer":1,"minecraft:cherry_planks":96,"minecraft:spyglass":2,"vanillaplustools:iron_shovel":1,"minecraft:furnace":8,"minecraft:bone_meal":36,"minecraft:flint_and_steel":1,"minecraft:cherry_stairs":56,"mca:whistle":1,"sophisticatedbackpacks:iron_backpack":1,"sophisticatedbackpacks:gold_backpack":1,"minecraft:enchanted_book":1,"minecraft:air":0,"minecraft:oak_boat":1,"minecraft:iron_shovel":9},"minecraft:picked_up":{"minecraft:lead":2,"minecraft:stone_brick_stairs":10,"cave_dweller:cave_dweller_spawn_egg":1,"minecraft:amethyst_block":5,"minecraft:raw_copper":26,"minecraft:shroomlight":23,"minecraft:oak_sign":3,"minecraft:diamond_leggings":2,"minecraft:gold_nugget":6,"minecraft:cobbled_deepslate":1491,"minecraft:spruce_planks":64,"minecraft:red_dye":1,"minecraft:calcite":142,"minecraft:iron_pickaxe":1,"minecraft:spruce_pressure_plate":3,"minecraft:stick":190,"minecraft:oak_fence":1,"minecraft:torch":54,"minecraft:porkchop":5,"minecraft:villager_spawn_egg":4,"minecraft:cherry_log":440,"minecraft:rotten_flesh":29,"minecraft:obsidian":1,"minecraft:cobblestone":3054,"minecraft:pink_petals":13,"minecraft:cherry_planks":1,"minecraft:iron_door":1,"minecraft:water_bucket":1,"minecraft:jungle_log":24,"minecraft:potato":1,"minecraft:flint":1,"minecraft:tuff":192,"minecraft:dirt":4428,"minecraft:bone":13,"minecraft:stonecutter":1,"minecraft:bow":1,"minecraft:wheat_seeds":105,"minecraft:raw_gold":26,"minecraft:bamboo":17,"minecraft:fletching_table":2,"minecraft:warped_wart_block":813,"minecraft:sand":64,"minecraft:stripped_spruce_log":8,"minecraft:diamond":30,"minecraft:netherite_helmet":1,"minecraft:lever":4,"minecraft:bread":28,"minecraft:spruce_sign":4,"minecraft:spruce_button":2,"minecraft:emerald":3,"minecraft:oak_sapling":74,"minecraft:netherrack":82,"minecraft:cocoa_beans":1,"minecraft:crafting_table":4,"minecraft:clay_ball":4,"minecraft:gold_block":1,"minecraft:stripped_cherry_log":18,"minecraft:red_bed":2,"minecraft:iron_axe":1,"minecraft:stripped_warped_stem":5,"minecraft:beef":30,"minecraft:oak_boat":1,"minecraft:jungle_sapling":1,"minecraft:poppy":87,"minecraft:lectern":236,"minecraft:sugar_cane":14,"minecraft:spruce_trapdoor":1,"minecraft:phantom_membrane":1,"minecraft:raw_iron":36,"minecraft:cherry_stairs":11,"minecraft:polished_blackstone_bricks":1,"minecraft:carrot":1,"minecraft:redstone":64,"minecraft:arrow":16,"minecraft:diamond_boots":1,"minecraft:saddle":1,"minecraft:gold_ingot":1,"sophisticatedbackpacks:copper_backpack":1,"minecraft:skeleton_skull":4,"minecraft:oxeye_daisy":13,"minecraft:leather":2,"mca:family_tree":1,"minecraft:oak_log":88,"minecraft:golden_boots":1,"minecraft:yellow_bed":1,"minecraft:gunpowder":6,"mca:book_romance":1,"minecraft:apple":3,"minecraft:stone_bricks":35,"minecraft:kelp":702,"minecraft:warped_stem":191,"mca:villager_editor":1,"minecraft:soul_sand":1,"minecraft:iron_sword":1,"minecraft:book":1,"minecraft:warped_fungus":13,"minecraft:smooth_basalt":6,"minecraft:quartz":15,"minecraft:dandelion":9,"minecraft:gravel":7,"minecraft:amethyst_shard":44,"minecraft:spruce_sapling":63,"minecraft:blast_furnace":3,"minecraft:white_bed":1,"minecraft:spruce_log":328,"minecraft:spruce_door":4,"minecraft:spider_eye":1,"minecraft:pumpkin_seeds":1,"minecraft:stone_axe":1,"minecraft:cherry_sapling":240,"minecraft:black_wool":1,"minecraft:coal":135},"minecraft:mined":{"minecraft:stripped_warped_stem":5,"minecraft:spruce_planks":3,"minecraft:white_bed":1,"minecraft:cherry_log":444,"minecraft:obsidian":1,"minecraft:spruce_trapdoor":1,"minecraft:grass_block":3161,"minecraft:jungle_log":24,"minecraft:oak_wall_sign":2,"minecraft:oxeye_daisy":1,"minecraft:polished_blackstone_bricks":1,"minecraft:tall_seagrass":5,"minecraft:iron_ore":34,"minecraft:cobbled_deepslate":61,"minecraft:fletching_table":2,"minecraft:azure_bluet":1,"minecraft:dirt_path":4,"minecraft:spruce_pressure_plate":3,"minecraft:deepslate_redstone_ore":12,"minecraft:red_bed":2,"minecraft:kelp_plant":98,"minecraft:amethyst_cluster":11,"minecraft:clay":1,"minecraft:torch":19,"minecraft:blast_furnace":3,"minecraft:calcite":142,"minecraft:poppy":6,"minecraft:nether_quartz_ore":15,"minecraft:cobblestone":106,"minecraft:sugar_cane":6,"minecraft:iron_door":1,"minecraft:wall_torch":18,"minecraft:amethyst_block":5,"mca:cross_headstone":2,"minecraft:pink_petals":6,"minecraft:seagrass":3,"minecraft:warped_nylium":10,"minecraft:cherry_door":1,"minecraft:warped_fungus":13,"minecraft:stone_brick_stairs":10,"minecraft:grass":110,"minecraft:oak_log":108,"minecraft:oak_fence_gate":1,"minecraft:sand":66,"minecraft:dirt":2713,"minecraft:smooth_basalt":6,"minecraft:stonecutter":1,"minecraft:netherrack":66,"minecraft:oak_leaves":10,"minecraft:deepslate":2240,"minecraft:infested_deepslate":1,"minecraft:nether_gold_ore":1,"minecraft:tuff":191,"minecraft:deepslate_diamond_ore":21,"minecraft:cherry_sapling":1,"minecraft:stripped_cherry_log":18,"minecraft:lever":5,"minecraft:spruce_leaves":9,"minecraft:kelp":13,"minecraft:spruce_sapling":2,"minecraft:andesite":24,"minecraft:stripped_spruce_log":8,"minecraft:deepslate_iron_ore":2,"minecraft:shroomlight":23,"minecraft:vine":1,"minecraft:warped_stem":202,"minecraft:bamboo":2,"minecraft:stone":3721,"minecraft:cherry_stairs":11,"minecraft:podzol":13,"minecraft:cherry_planks":1,"minecraft:soul_sand":2,"minecraft:spruce_door":4,"minecraft:oak_fence":1,"minecraft:crafting_table":4,"minecraft:spruce_button":2,"minecraft:emerald_ore":3,"minecraft:lectern":236,"minecraft:tall_grass":17,"minecraft:copper_ore":5,"minecraft:deepslate_gold_ore":26,"minecraft:warped_wart_block":773,"minecraft:spruce_log":351,"minecraft:yellow_bed":1,"minecraft:black_wool":1,"minecraft:coal_ore":132,"minecraft:gravel":40,"minecraft:stone_bricks":35,"minecraft:fern":1},"minecraft:dropped":{"minecraft:spruce_sign":2,"minecraft:iron_sword":2,"minecraft:porkchop":5,"minecraft:diamond":92,"minecraft:red_carpet":6,"sophisticatedbackpacks:gold_backpack":1,"minecraft:dirt":948,"minecraft:gold_nugget":2,"minecraft:polished_blackstone_bricks":1,"minecraft:sand":105,"minecraft:iron_pickaxe":2,"vanillaplustools:iron_hammer":2,"minecraft:blue_bed":1,"minecraft:gold_ingot":32,"minecraft:bone":2,"minecraft:gravel":3,"minecraft:stone_axe":1,"minecraft:spyglass":1,"vanillaplustools:stone_shovel":2,"minecraft:cobbled_deepslate":863,"minecraft:cherry_sapling":64,"minecraft:rotten_flesh":25,"minecraft:carrot":1,"minecraft:chainmail_chestplate":1,"minecraft:poppy":30,"mca:villager_editor":4,"minecraft:skeleton_skull":4,"minecraft:spruce_pressure_plate":5,"minecraft:chainmail_boots":1,"vanillaplustools:stone_hammer":6,"mca:whistle":1,"simpleradio:transceiver":2,"minecraft:arrow":4,"minecraft:beef":30,"minecraft:warped_wart_block":368,"minecraft:golden_boots":1,"minecraft:water_bucket":1,"minecraft:iron_ingot":74,"minecraft:bread":171,"minecraft:wheat_seeds":80,"mca:wedding_ring_rg":2,"minecraft:smithing_table":1,"minecraft:diamond_leggings":4,"minecraft:netherite_helmet":1,"minecraft:cobblestone":1118,"minecraft:spruce_button":3,"vanillaplustools:iron_shovel":1,"mca:family_tree":1,"minecraft:chainmail_helmet":1,"minecraft:oxeye_daisy":13,"minecraft:golden_carrot":81,"minecraft:torch":65,"minecraft:cherry_planks":1,"minecraft:iron_door":1,"minecraft:diamond_helmet":2,"minecraft:iron_axe":3,"minecraft:red_dye":1,"minecraft:chainmail_leggings":1,"minecraft:iron_shovel":1,"mca:engagement_ring_rg":2,"minecraft:pink_petals":13,"minecraft:dandelion":9,"minecraft:tuff":5,"minecraft:clay_ball":4,"minecraft:villager_spawn_egg":18,"minecraft:iron_hoe":1,"minecraft:oak_sign":6,"minecraft:pumpkin_seeds":1,"minecraft:diamond_sword":1,"minecraft:diamond_chestplate":2,"minecraft:spruce_planks":62,"minecraft:oak_sapling":36,"minecraft:spider_eye":1,"minecraft:diamond_boots":3,"minecraft:black_wool":1},"minecraft:used":{"minecraft:cherry_sapling":92,"sophisticatedbackpacks:copper_backpack":2,"minecraft:oak_sign":4,"minecraft:axolotl_spawn_egg":1,"minecraft:stone":26,"minecraft:soul_sand":1,"minecraft:tuff":15,"vanillaplustools:iron_shovel":771,"minecraft:villager_spawn_egg":20,"minecraft:warped_nylium":6,"minecraft:stone_brick_stairs":38,"minecraft:stone_bricks":353,"minecraft:warped_fungus":13,"minecraft:furnace":8,"minecraft:stone_pickaxe":1,"minecraft:diamond_axe":2566,"vanillaplustools:diamond_hammer":59,"mca:female_villager_spawn_egg":16,"minecraft:blast_furnace":3,"minecraft:lever":1,"minecraft:bread":113,"minecraft:lectern":242,"minecraft:iron_door":2,"minecraft:gravel":3,"minecraft:diamond_sword":174,"minecraft:oak_boat":1,"minecraft:stripped_cherry_log":16,"minecraft:bone_meal":12,"vanillaplustools:diamond_shovel":258,"minecraft:flint_and_steel":1,"minecraft:spruce_planks":366,"minecraft:stripped_warped_stem":5,"vanillaplustools:stone_hammer":124,"minecraft:netherrack":41,"minecraft:torch":229,"minecraft:dirt":421,"minecraft:spyglass":41,"minecraft:polished_diorite":19,"minecraft:cherry_slab":1,"minecraft:spruce_button":1,"minecraft:golden_carrot":33,"minecraft:cobbled_deepslate":750,"minecraft:cherry_log":187,"mca:staff_of_life":1,"sophisticatedbackpacks:gold_backpack":1,"minecraft:calcite":70,"mca:male_villager_spawn_egg":7,"minecraft:water_bucket":63,"minecraft:warped_stem":67,"cave_dweller:cave_dweller_spawn_egg":3,"minecraft:cherry_planks":1,"minecraft:fletching_table":2,"minecraft:stonecutter":1,"minecraft:crafting_table":6,"minecraft:red_bed":6,"vanillaplustools:stone_shovel":135,"minecraft:white_bed":5,"minecraft:spruce_log":8,"minecraft:dark_oak_door":1,"minecraft:diamond_pickaxe":281,"minecraft:spruce_pressure_plate":2,"minecraft:spruce_trapdoor":9,"minecraft:spruce_sapling":63,"minecraft:cobblestone":132,"minecraft:potion":1,"minecraft:cherry_stairs":61,"vanillaplustools:iron_hammer":761,"minecraft:bucket":51,"minecraft:yellow_bed":5,"minecraft:kelp":167},"minecraft:custom":{"minecraft:interact_with_crafting_table":31,"minecraft:leave_game":7,"minecraft:time_since_death":643787,"minecraft:sprint_one_cm":1134188,"minecraft:drop":237,"minecraft:talked_to_villager":224,"minecraft:play_time":643787,"minecraft:jump":10354,"minecraft:interact_with_brewingstand":1,"minecraft:walk_on_water_one_cm":31693,"minecraft:interact_with_furnace":78,"minecraft:traded_with_villager":1,"minecraft:sleep_in_bed":29,"minecraft:damage_dealt":11191,"minecraft:crouch_one_cm":41465,"minecraft:horse_one_cm":10155,"minecraft:mob_kills":58,"minecraft:damage_dealt_resisted":547,"minecraft:climb_one_cm":13268,"minecraft:walk_one_cm":1952911,"minecraft:sneak_time":18940,"minecraft:walk_under_water_one_cm":264013,"minecraft:boat_one_cm":30991,"minecraft:interact_with_blast_furnace":4,"minecraft:total_world_time":643787,"minecraft:interact_with_stonecutter":7,"minecraft:time_since_rest":416,"minecraft:damage_taken":4946,"minecraft:swim_one_cm":206205,"minecraft:fly_one_cm":2819613,"minecraft:open_chest":227,"minecraft:fall_one_cm":202140}},"DataVersion":3465}