{"stats":{"minecraft:killed":{"minecraft:zombified_piglin":8,"minecraft:silverfish":1,"minecraft:creeper":2,"minecraft:donkey":1,"minecraft:zombie":8,"mca:female_villager":2,"minecraft:villager":1},"minecraft:mined":{"minecraft:infested_deepslate":1,"minecraft:tuff":141,"minecraft:spruce_planks":1,"minecraft:deepslate_diamond_ore":21,"minecraft:lever":3,"minecraft:grass_block":827,"minecraft:oak_wall_sign":1,"minecraft:iron_ore":5,"minecraft:cobbled_deepslate":17,"minecraft:deepslate_iron_ore":2,"minecraft:dirt_path":4,"minecraft:spruce_pressure_plate":1,"minecraft:stone":1951,"minecraft:podzol":13,"minecraft:deepslate_redstone_ore":4,"minecraft:amethyst_cluster":11,"minecraft:crafting_table":2,"minecraft:torch":3,"minecraft:spruce_button":2,"minecraft:emerald_ore":1,"minecraft:calcite":14,"minecraft:poppy":3,"minecraft:tall_grass":1,"minecraft:cobblestone":32,"minecraft:deepslate_gold_ore":20,"minecraft:wall_torch":3,"minecraft:amethyst_block":5,"mca:cross_headstone":1,"minecraft:black_wool":1,"minecraft:grass":28,"minecraft:oak_log":83,"minecraft:coal_ore":25,"minecraft:dirt":878,"minecraft:gravel":16,"minecraft:smooth_basalt":6,"minecraft:oak_leaves":10,"minecraft:deepslate":1878},"minecraft:broken":{"vanillaplustools:iron_shovel":1,"vanillaplustools:stone_shovel":1},"minecraft:crafted":{"minecraft:oak_planks":12,"minecraft:oak_sign":6,"minecraft:spyglass":2,"minecraft:spruce_pressure_plate":1,"minecraft:copper_ingot":4,"minecraft:air":0},"minecraft:custom":{"minecraft:mob_kills":23,"minecraft:interact_with_crafting_table":8,"minecraft:damage_dealt_resisted":261,"minecraft:leave_game":3,"minecraft:time_since_death":225469,"minecraft:climb_one_cm":8173,"minecraft:sprint_one_cm":361513,"minecraft:walk_one_cm":578201,"minecraft:drop":99,"minecraft:play_time":225469,"minecraft:sneak_time":5098,"minecraft:walk_under_water_one_cm":4460,"minecraft:jump":3037,"minecraft:interact_with_blast_furnace":2,"minecraft:walk_on_water_one_cm":2950,"minecraft:total_world_time":225469,"minecraft:interact_with_furnace":9,"minecraft:sleep_in_bed":10,"minecraft:time_since_rest":18217,"minecraft:damage_taken":708,"minecraft:damage_dealt":4048,"minecraft:swim_one_cm":23071,"minecraft:fly_one_cm":1051721,"minecraft:open_chest":37,"minecraft:crouch_one_cm":7689,"minecraft:fall_one_cm":41053},"minecraft:dropped":{"minecraft:water_bucket":1,"minecraft:iron_ingot":73,"minecraft:bread":105,"minecraft:wheat_seeds":18,"minecraft:diamond":92,"mca:wedding_ring_rg":2,"minecraft:diamond_leggings":3,"minecraft:netherite_helmet":1,"minecraft:cobblestone":765,"minecraft:spruce_button":3,"mca:family_tree":1,"minecraft:red_carpet":6,"sophisticatedbackpacks:gold_backpack":1,"minecraft:dirt":422,"minecraft:golden_carrot":17,"minecraft:torch":64,"minecraft:iron_door":1,"minecraft:diamond_helmet":1,"minecraft:gold_nugget":2,"minecraft:iron_axe":1,"minecraft:iron_pickaxe":1,"mca:engagement_ring_rg":2,"minecraft:blue_bed":1,"minecraft:gold_ingot":32,"minecraft:bone":1,"minecraft:gravel":3,"minecraft:spyglass":1,"minecraft:cobbled_deepslate":128,"minecraft:rotten_flesh":2,"minecraft:iron_hoe":1,"minecraft:oak_sign":3,"minecraft:pumpkin_seeds":1,"minecraft:diamond_sword":1,"minecraft:poppy":26,"mca:villager_editor":2,"minecraft:diamond_chestplate":1,"minecraft:spruce_planks":1,"minecraft:spruce_pressure_plate":3,"minecraft:oak_sapling":36,"vanillaplustools:stone_hammer":3,"mca:whistle":1,"simpleradio:transceiver":2,"minecraft:diamond_boots":2,"minecraft:black_wool":1},"minecraft:used":{"minecraft:axolotl_spawn_egg":1,"minecraft:stone":26,"vanillaplustools:stone_hammer":124,"minecraft:netherrack":4,"minecraft:torch":74,"minecraft:dirt":70,"minecraft:spyglass":21,"minecraft:tuff":15,"minecraft:polished_diorite":19,"vanillaplustools:iron_shovel":258,"minecraft:villager_spawn_egg":7,"minecraft:spruce_button":1,"minecraft:cobbled_deepslate":90,"mca:male_villager_spawn_egg":7,"minecraft:water_bucket":30,"cave_dweller:cave_dweller_spawn_egg":3,"minecraft:stone_pickaxe":1,"minecraft:diamond_axe":117,"minecraft:crafting_table":4,"minecraft:red_bed":1,"mca:female_villager_spawn_egg":15,"vanillaplustools:stone_shovel":135,"minecraft:white_bed":1,"minecraft:dark_oak_door":1,"minecraft:lever":1,"minecraft:diamond_pickaxe":85,"minecraft:bread":34,"minecraft:spruce_pressure_plate":2,"minecraft:iron_door":2,"minecraft:gravel":3,"minecraft:diamond_sword":69,"minecraft:cobblestone":30,"minecraft:potion":1,"vanillaplustools:iron_hammer":425,"minecraft:bucket":30,"minecraft:yellow_bed":4},"minecraft:picked_up":{"minecraft:crafting_table":2,"minecraft:amethyst_block":5,"cave_dweller:cave_dweller_spawn_egg":1,"minecraft:raw_copper":4,"minecraft:oak_sign":2,"minecraft:diamond_leggings":2,"minecraft:gold_nugget":2,"minecraft:cobbled_deepslate":379,"minecraft:spruce_planks":1,"minecraft:calcite":14,"minecraft:poppy":66,"minecraft:iron_pickaxe":1,"minecraft:spruce_pressure_plate":1,"minecraft:stick":22,"minecraft:raw_iron":7,"minecraft:torch":17,"minecraft:redstone":29,"minecraft:rotten_flesh":5,"minecraft:diamond_boots":1,"minecraft:saddle":1,"minecraft:gold_ingot":1,"minecraft:cobblestone":1556,"minecraft:water_bucket":1,"minecraft:leather":2,"mca:family_tree":1,"minecraft:potato":1,"minecraft:flint":1,"minecraft:tuff":141,"minecraft:oak_log":83,"minecraft:gunpowder":2,"mca:book_romance":1,"minecraft:dirt":1270,"minecraft:bone":1,"minecraft:apple":1,"minecraft:wheat_seeds":25,"minecraft:raw_gold":20,"minecraft:smooth_basalt":6,"minecraft:gravel":6,"minecraft:amethyst_shard":44,"minecraft:pumpkin_seeds":1,"minecraft:diamond":30,"minecraft:netherite_helmet":1,"minecraft:lever":3,"minecraft:emerald":1,"minecraft:spruce_button":2,"minecraft:bread":28,"minecraft:oak_sapling":74,"minecraft:black_wool":1,"minecraft:netherrack":4,"minecraft:coal":28}},"DataVersion":3465}