{"stats":{"minecraft:custom":{"minecraft:mob_kills":32,"minecraft:interact_with_crafting_table":15,"minecraft:damage_dealt_resisted":547,"minecraft:leave_game":5,"minecraft:time_since_death":328616,"minecraft:climb_one_cm":8173,"minecraft:sprint_one_cm":595811,"minecraft:walk_one_cm":866580,"minecraft:drop":166,"minecraft:play_time":328616,"minecraft:sneak_time":8311,"minecraft:walk_under_water_one_cm":24443,"minecraft:jump":5279,"minecraft:interact_with_brewingstand":1,"minecraft:interact_with_blast_furnace":3,"minecraft:walk_on_water_one_cm":13818,"minecraft:total_world_time":328616,"minecraft:interact_with_furnace":9,"minecraft:sleep_in_bed":12,"minecraft:time_since_rest":52394,"minecraft:damage_taken":1822,"minecraft:damage_dealt":6277,"minecraft:swim_one_cm":59598,"minecraft:fly_one_cm":1813544,"minecraft:open_chest":86,"minecraft:crouch_one_cm":11964,"minecraft:fall_one_cm":79489,"minecraft:horse_one_cm":10155},"minecraft:dropped":{"minecraft:water_bucket":1,"minecraft:iron_ingot":73,"minecraft:bread":171,"minecraft:iron_sword":2,"minecraft:wheat_seeds":26,"minecraft:diamond":92,"mca:wedding_ring_rg":2,"minecraft:diamond_leggings":3,"minecraft:netherite_helmet":1,"minecraft:cobblestone":1115,"minecraft:spruce_button":3,"vanillaplustools:iron_shovel":1,"mca:family_tree":1,"minecraft:chainmail_helmet":1,"minecraft:red_carpet":6,"sophisticatedbackpacks:gold_backpack":1,"minecraft:dirt":933,"minecraft:golden_carrot":17,"minecraft:torch":64,"minecraft:iron_door":1,"minecraft:diamond_helmet":1,"minecraft:gold_nugget":2,"minecraft:red_dye":1,"minecraft:iron_axe":3,"minecraft:polished_blackstone_bricks":1,"minecraft:iron_pickaxe":2,"vanillaplustools:iron_hammer":2,"minecraft:chainmail_leggings":1,"minecraft:iron_shovel":1,"mca:engagement_ring_rg":2,"minecraft:blue_bed":1,"minecraft:gold_ingot":32,"minecraft:bone":1,"minecraft:gravel":3,"minecraft:stone_axe":1,"minecraft:spyglass":1,"vanillaplustools:stone_shovel":2,"minecraft:cobbled_deepslate":671,"minecraft:tuff":5,"minecraft:rotten_flesh":7,"minecraft:iron_hoe":1,"minecraft:oak_sign":6,"minecraft:pumpkin_seeds":1,"minecraft:carrot":1,"minecraft:chainmail_chestplate":1,"minecraft:diamond_sword":1,"minecraft:poppy":29,"mca:villager_editor":2,"minecraft:diamond_chestplate":1,"minecraft:spruce_planks":1,"minecraft:spruce_pressure_plate":3,"minecraft:oak_sapling":36,"minecraft:chainmail_boots":1,"vanillaplustools:stone_hammer":6,"mca:whistle":1,"simpleradio:transceiver":2,"minecraft:diamond_boots":2,"minecraft:black_wool":1},"minecraft:used":{"minecraft:oak_sign":4,"minecraft:axolotl_spawn_egg":1,"minecraft:stone":26,"vanillaplustools:stone_hammer":124,"minecraft:netherrack":4,"minecraft:torch":88,"minecraft:dirt":128,"minecraft:spyglass":28,"minecraft:tuff":15,"minecraft:polished_diorite":19,"vanillaplustools:iron_shovel":451,"minecraft:villager_spawn_egg":15,"minecraft:spruce_button":1,"minecraft:cobbled_deepslate":474,"mca:male_villager_spawn_egg":7,"minecraft:water_bucket":32,"cave_dweller:cave_dweller_spawn_egg":3,"minecraft:stone_pickaxe":1,"minecraft:diamond_axe":119,"minecraft:crafting_table":4,"minecraft:red_bed":4,"mca:female_villager_spawn_egg":15,"vanillaplustools:stone_shovel":135,"minecraft:white_bed":1,"minecraft:dark_oak_door":1,"minecraft:lever":1,"minecraft:diamond_pickaxe":121,"minecraft:bread":78,"minecraft:spruce_pressure_plate":2,"minecraft:iron_door":2,"minecraft:gravel":3,"minecraft:diamond_sword":109,"minecraft:cobblestone":74,"minecraft:potion":1,"vanillaplustools:iron_hammer":723,"minecraft:bucket":31,"minecraft:yellow_bed":5,"minecraft:kelp":48},"minecraft:mined":{"minecraft:infested_deepslate":1,"minecraft:tuff":191,"minecraft:spruce_planks":1,"minecraft:deepslate_diamond_ore":21,"minecraft:obsidian":1,"minecraft:lever":4,"minecraft:grass_block":1198,"minecraft:kelp":12,"minecraft:oak_wall_sign":2,"minecraft:tall_seagrass":5,"minecraft:polished_blackstone_bricks":1,"minecraft:iron_ore":10,"minecraft:cobbled_deepslate":58,"minecraft:andesite":24,"minecraft:deepslate_iron_ore":2,"minecraft:dirt_path":4,"minecraft:spruce_pressure_plate":1,"minecraft:stone":3319,"minecraft:podzol":13,"minecraft:deepslate_redstone_ore":12,"minecraft:soul_sand":2,"minecraft:red_bed":2,"minecraft:kelp_plant":97,"minecraft:amethyst_cluster":11,"minecraft:crafting_table":3,"minecraft:torch":6,"minecraft:spruce_button":2,"minecraft:emerald_ore":2,"minecraft:calcite":14,"minecraft:poppy":5,"minecraft:tall_grass":1,"minecraft:cobblestone":71,"minecraft:deepslate_gold_ore":26,"minecraft:sugar_cane":6,"minecraft:iron_door":1,"minecraft:wall_torch":8,"minecraft:amethyst_block":5,"mca:cross_headstone":1,"minecraft:seagrass":2,"minecraft:yellow_bed":1,"minecraft:grass":43,"minecraft:black_wool":1,"minecraft:oak_log":83,"minecraft:coal_ore":47,"minecraft:gravel":39,"minecraft:dirt":1314,"minecraft:smooth_basalt":6,"minecraft:oak_leaves":10,"minecraft:deepslate":2240},"minecraft:broken":{"vanillaplustools:iron_shovel":1,"vanillaplustools:stone_shovel":1},"minecraft:picked_up":{"minecraft:crafting_table":3,"minecraft:lead":1,"minecraft:amethyst_block":5,"cave_dweller:cave_dweller_spawn_egg":1,"minecraft:red_bed":2,"minecraft:raw_copper":4,"minecraft:iron_axe":1,"minecraft:oak_sign":3,"minecraft:diamond_leggings":2,"minecraft:gold_nugget":2,"minecraft:cobbled_deepslate":1488,"minecraft:spruce_planks":1,"minecraft:red_dye":1,"minecraft:calcite":14,"minecraft:poppy":86,"minecraft:iron_pickaxe":1,"minecraft:sugar_cane":14,"minecraft:phantom_membrane":1,"minecraft:spruce_pressure_plate":1,"minecraft:stick":22,"minecraft:raw_iron":12,"minecraft:torch":24,"minecraft:polished_blackstone_bricks":1,"minecraft:carrot":1,"minecraft:redstone":64,"minecraft:arrow":4,"minecraft:rotten_flesh":10,"minecraft:diamond_boots":1,"minecraft:saddle":1,"minecraft:gold_ingot":1,"sophisticatedbackpacks:copper_backpack":1,"minecraft:obsidian":1,"minecraft:cobblestone":2643,"minecraft:iron_door":1,"minecraft:water_bucket":1,"minecraft:leather":2,"mca:family_tree":1,"minecraft:potato":1,"minecraft:flint":1,"minecraft:tuff":192,"minecraft:oak_log":83,"minecraft:yellow_bed":1,"minecraft:gunpowder":2,"mca:book_romance":1,"minecraft:dirt":2014,"minecraft:bone":5,"minecraft:apple":1,"minecraft:kelp":535,"minecraft:wheat_seeds":45,"minecraft:raw_gold":26,"minecraft:soul_sand":1,"minecraft:iron_sword":1,"minecraft:smooth_basalt":6,"minecraft:gravel":7,"minecraft:amethyst_shard":44,"minecraft:pumpkin_seeds":1,"minecraft:diamond":30,"minecraft:stone_axe":1,"minecraft:netherite_helmet":1,"minecraft:lever":3,"minecraft:emerald":2,"minecraft:spruce_button":2,"minecraft:bread":28,"minecraft:oak_sapling":74,"minecraft:netherrack":4,"minecraft:black_wool":1,"minecraft:coal":50},"minecraft:crafted":{"minecraft:oak_planks":12,"minecraft:oak_sign":6,"minecraft:spyglass":2,"vanillaplustools:iron_shovel":1,"minecraft:spruce_pressure_plate":1,"vanillaplustools:iron_hammer":3,"minecraft:copper_ingot":4,"minecraft:air":0,"minecraft:diamond_pickaxe":9,"minecraft:iron_pickaxe":9,"minecraft:iron_shovel":9,"vanillaplustools:diamond_hammer":1},"minecraft:killed":{"mca:female_zombie_villager":1,"minecraft:zombified_piglin":8,"minecraft:phantom":1,"minecraft:skeleton":3,"minecraft:silverfish":1,"minecraft:creeper":2,"minecraft:zombie":11,"minecraft:donkey":1,"cave_dweller:cave_dweller":1,"mca:female_villager":2,"minecraft:villager":1}},"DataVersion":3465}