{"stats":{"minecraft:picked_up":{"minecraft:crafting_table":3,"minecraft:clay_ball":4,"minecraft:lead":2,"minecraft:gold_block":1,"minecraft:amethyst_block":5,"cave_dweller:cave_dweller_spawn_egg":1,"minecraft:red_bed":2,"minecraft:raw_copper":26,"minecraft:iron_axe":1,"minecraft:shroomlight":19,"minecraft:oak_sign":3,"minecraft:diamond_leggings":2,"minecraft:gold_nugget":6,"minecraft:cobbled_deepslate":1491,"minecraft:spruce_planks":62,"minecraft:beef":30,"minecraft:red_dye":1,"minecraft:calcite":14,"minecraft:poppy":87,"minecraft:iron_pickaxe":1,"minecraft:sugar_cane":14,"minecraft:phantom_membrane":1,"minecraft:spruce_pressure_plate":1,"minecraft:stick":153,"minecraft:raw_iron":12,"minecraft:torch":28,"minecraft:porkchop":5,"minecraft:polished_blackstone_bricks":1,"minecraft:cherry_log":338,"minecraft:carrot":1,"minecraft:redstone":64,"minecraft:arrow":14,"minecraft:rotten_flesh":17,"minecraft:diamond_boots":1,"minecraft:saddle":1,"minecraft:gold_ingot":1,"sophisticatedbackpacks:copper_backpack":1,"minecraft:obsidian":1,"minecraft:cobblestone":2912,"minecraft:oxeye_daisy":13,"minecraft:pink_petals":13,"minecraft:iron_door":1,"minecraft:water_bucket":1,"minecraft:leather":2,"mca:family_tree":1,"minecraft:potato":1,"minecraft:flint":1,"minecraft:tuff":192,"minecraft:oak_log":83,"minecraft:yellow_bed":1,"minecraft:gunpowder":5,"mca:book_romance":1,"minecraft:dirt":4400,"minecraft:bone":11,"minecraft:apple":1,"minecraft:kelp":702,"minecraft:bow":1,"minecraft:wheat_seeds":105,"minecraft:warped_stem":143,"minecraft:raw_gold":26,"mca:villager_editor":1,"minecraft:iron_sword":1,"minecraft:soul_sand":1,"minecraft:warped_fungus":5,"minecraft:smooth_basalt":6,"minecraft:warped_wart_block":445,"minecraft:quartz":15,"minecraft:dandelion":9,"minecraft:gravel":7,"minecraft:sand":63,"minecraft:amethyst_shard":44,"minecraft:spruce_door":4,"minecraft:spider_eye":1,"minecraft:pumpkin_seeds":1,"minecraft:diamond":30,"minecraft:stone_axe":1,"minecraft:netherite_helmet":1,"minecraft:lever":4,"minecraft:cherry_sapling":220,"minecraft:bread":28,"minecraft:spruce_button":2,"minecraft:emerald":3,"minecraft:oak_sapling":74,"minecraft:netherrack":74,"minecraft:black_wool":1,"minecraft:coal":70},"minecraft:crafted":{"minecraft:oak_planks":12,"minecraft:oak_sign":6,"minecraft:spyglass":2,"vanillaplustools:iron_shovel":1,"minecraft:furnace":8,"minecraft:diamond_shovel":9,"minecraft:flint_and_steel":1,"minecraft:spruce_pressure_plate":1,"vanillaplustools:iron_hammer":3,"vanillaplustools:diamond_shovel":1,"minecraft:copper_ingot":4,"minecraft:air":0,"minecraft:diamond_pickaxe":9,"minecraft:iron_pickaxe":9,"minecraft:iron_shovel":9,"vanillaplustools:diamond_hammer":1},"minecraft:used":{"minecraft:cherry_sapling":92,"vanillaplustools:diamond_shovel":256,"minecraft:flint_and_steel":1,"sophisticatedbackpacks:copper_backpack":2,"minecraft:oak_sign":4,"minecraft:axolotl_spawn_egg":1,"minecraft:stone":26,"vanillaplustools:stone_hammer":124,"minecraft:netherrack":34,"minecraft:torch":204,"minecraft:soul_sand":1,"minecraft:dirt":357,"minecraft:spyglass":41,"minecraft:tuff":15,"minecraft:polished_diorite":19,"vanillaplustools:iron_shovel":771,"minecraft:villager_spawn_egg":15,"minecraft:spruce_button":1,"minecraft:warped_fungus":5,"minecraft:golden_carrot":14,"minecraft:furnace":8,"minecraft:cobbled_deepslate":750,"sophisticatedbackpacks:gold_backpack":1,"mca:male_villager_spawn_egg":7,"minecraft:water_bucket":50,"minecraft:warped_stem":2,"cave_dweller:cave_dweller_spawn_egg":3,"minecraft:stone_pickaxe":1,"minecraft:diamond_axe":1242,"vanillaplustools:diamond_hammer":13,"minecraft:crafting_table":4,"minecraft:red_bed":6,"mca:female_villager_spawn_egg":16,"vanillaplustools:stone_shovel":135,"minecraft:white_bed":4,"minecraft:dark_oak_door":1,"minecraft:lever":1,"minecraft:diamond_pickaxe":190,"minecraft:bread":113,"minecraft:spruce_pressure_plate":2,"minecraft:iron_door":2,"minecraft:gravel":3,"minecraft:cobblestone":85,"minecraft:potion":1,"minecraft:diamond_sword":162,"vanillaplustools:iron_hammer":761,"minecraft:bucket":50,"minecraft:yellow_bed":5,"minecraft:kelp":167},"minecraft:broken":{"vanillaplustools:iron_shovel":3,"vanillaplustools:stone_shovel":1},"minecraft:mined":{"minecraft:infested_deepslate":1,"minecraft:nether_gold_ore":1,"minecraft:tuff":191,"minecraft:spruce_planks":1,"minecraft:deepslate_diamond_ore":21,"minecraft:cherry_log":356,"minecraft:cherry_sapling":1,"minecraft:obsidian":1,"minecraft:lever":5,"minecraft:grass_block":3148,"minecraft:kelp":13,"minecraft:oxeye_daisy":1,"minecraft:oak_wall_sign":2,"minecraft:polished_blackstone_bricks":1,"minecraft:tall_seagrass":5,"minecraft:iron_ore":10,"minecraft:cobbled_deepslate":61,"minecraft:andesite":24,"minecraft:azure_bluet":1,"minecraft:shroomlight":19,"minecraft:warped_stem":154,"minecraft:deepslate_iron_ore":2,"minecraft:dirt_path":4,"minecraft:spruce_pressure_plate":1,"minecraft:stone":3581,"minecraft:podzol":13,"minecraft:deepslate_redstone_ore":12,"minecraft:soul_sand":2,"minecraft:red_bed":2,"minecraft:kelp_plant":98,"minecraft:amethyst_cluster":11,"minecraft:spruce_door":4,"minecraft:clay":1,"minecraft:crafting_table":3,"minecraft:torch":9,"minecraft:spruce_button":2,"minecraft:emerald_ore":3,"minecraft:calcite":14,"minecraft:poppy":6,"minecraft:nether_quartz_ore":15,"minecraft:copper_ore":5,"minecraft:tall_grass":17,"minecraft:cobblestone":97,"minecraft:deepslate_gold_ore":26,"minecraft:sugar_cane":6,"minecraft:iron_door":1,"minecraft:wall_torch":9,"minecraft:amethyst_block":5,"minecraft:warped_wart_block":553,"mca:cross_headstone":1,"minecraft:pink_petals":6,"minecraft:seagrass":2,"minecraft:warped_nylium":10,"minecraft:cherry_door":1,"minecraft:warped_fungus":5,"minecraft:yellow_bed":1,"minecraft:black_wool":1,"minecraft:grass":106,"minecraft:oak_log":83,"minecraft:coal_ore":67,"minecraft:gravel":40,"minecraft:sand":65,"minecraft:dirt":2700,"minecraft:smooth_basalt":6,"minecraft:netherrack":60,"minecraft:oak_leaves":10,"minecraft:deepslate":2240},"minecraft:custom":{"minecraft:mob_kills":53,"minecraft:interact_with_crafting_table":18,"minecraft:damage_dealt_resisted":547,"minecraft:leave_game":6,"minecraft:time_since_death":474256,"minecraft:climb_one_cm":11855,"minecraft:sprint_one_cm":869130,"minecraft:walk_one_cm":1304973,"minecraft:drop":203,"minecraft:play_time":474256,"minecraft:sneak_time":10947,"minecraft:walk_under_water_one_cm":111484,"minecraft:jump":8160,"minecraft:interact_with_brewingstand":1,"minecraft:interact_with_blast_furnace":4,"minecraft:walk_on_water_one_cm":29378,"minecraft:total_world_time":474256,"minecraft:interact_with_furnace":38,"minecraft:interact_with_stonecutter":1,"minecraft:sleep_in_bed":17,"minecraft:time_since_rest":7617,"minecraft:damage_taken":3756,"minecraft:damage_dealt":10121,"minecraft:swim_one_cm":120666,"minecraft:fly_one_cm":2432524,"minecraft:open_chest":178,"minecraft:crouch_one_cm":16670,"minecraft:fall_one_cm":141443,"minecraft:horse_one_cm":10155},"minecraft:dropped":{"minecraft:water_bucket":1,"minecraft:iron_ingot":74,"minecraft:bread":171,"minecraft:iron_sword":2,"minecraft:porkchop":5,"minecraft:wheat_seeds":80,"minecraft:diamond":92,"mca:wedding_ring_rg":2,"minecraft:diamond_leggings":3,"minecraft:netherite_helmet":1,"minecraft:cobblestone":1118,"minecraft:spruce_button":3,"vanillaplustools:iron_shovel":1,"mca:family_tree":1,"minecraft:chainmail_helmet":1,"minecraft:red_carpet":6,"sophisticatedbackpacks:gold_backpack":1,"minecraft:oxeye_daisy":13,"minecraft:dirt":943,"minecraft:golden_carrot":81,"minecraft:torch":64,"minecraft:iron_door":1,"minecraft:diamond_helmet":1,"minecraft:gold_nugget":2,"minecraft:iron_axe":3,"minecraft:sand":104,"minecraft:polished_blackstone_bricks":1,"minecraft:red_dye":1,"minecraft:iron_pickaxe":2,"vanillaplustools:iron_hammer":2,"minecraft:chainmail_leggings":1,"minecraft:iron_shovel":1,"mca:engagement_ring_rg":2,"minecraft:pink_petals":13,"minecraft:blue_bed":1,"minecraft:dandelion":9,"minecraft:gold_ingot":32,"minecraft:bone":2,"minecraft:gravel":3,"minecraft:stone_axe":1,"minecraft:spyglass":1,"vanillaplustools:stone_shovel":2,"minecraft:cobbled_deepslate":863,"minecraft:tuff":5,"minecraft:cherry_sapling":64,"minecraft:rotten_flesh":13,"minecraft:clay_ball":4,"minecraft:iron_hoe":1,"minecraft:oak_sign":6,"minecraft:pumpkin_seeds":1,"minecraft:carrot":1,"minecraft:chainmail_chestplate":1,"minecraft:diamond_sword":1,"minecraft:poppy":30,"mca:villager_editor":4,"minecraft:diamond_chestplate":1,"minecraft:spruce_planks":62,"minecraft:spruce_pressure_plate":3,"vanillaplustools:stone_hammer":6,"minecraft:oak_sapling":36,"minecraft:chainmail_boots":1,"mca:whistle":1,"simpleradio:transceiver":2,"minecraft:spider_eye":1,"minecraft:diamond_boots":2,"minecraft:arrow":2,"minecraft:beef":30,"minecraft:black_wool":1},"minecraft:killed":{"mca:female_zombie_villager":1,"minecraft:zombified_piglin":8,"minecraft:spider":2,"minecraft:phantom":1,"minecraft:skeleton":9,"minecraft:silverfish":1,"minecraft:skeleton_horse":2,"minecraft:creeper":5,"minecraft:zombie":18,"minecraft:donkey":1,"mca:female_villager":2,"cave_dweller:cave_dweller":1,"minecraft:villager":1}},"DataVersion":3465}