{"stats":{"minecraft:picked_up":{"minecraft:netherite_helmet":1,"minecraft:diamond_leggings":1,"minecraft:diamond_boots":1,"minecraft:dirt":1},"minecraft:used":{"mca:male_villager_spawn_egg":7,"minecraft:villager_spawn_egg":4,"mca:female_villager_spawn_egg":13,"minecraft:dark_oak_door":1,"minecraft:polished_diorite":18},"minecraft:dropped":{"minecraft:diamond_sword":1,"minecraft:iron_ingot":73,"minecraft:iron_hoe":1,"minecraft:diamond_boots":2,"minecraft:iron_axe":1,"minecraft:iron_pickaxe":1,"minecraft:diamond_chestplate":1,"minecraft:diamond":28,"minecraft:gold_ingot":32,"minecraft:diamond_leggings":2,"minecraft:netherite_helmet":1,"minecraft:diamond_helmet":1,"sophisticatedbackpacks:gold_backpack":1},"minecraft:custom":{"minecraft:open_chest":4,"minecraft:time_since_rest":6421,"minecraft:crouch_one_cm":571,"minecraft:sprint_one_cm":37482,"minecraft:play_time":16363,"minecraft:walk_one_cm":16062,"minecraft:sneak_time":541,"minecraft:drop":16,"minecraft:jump":215,"minecraft:leave_game":1,"minecraft:time_since_death":16363,"minecraft:sleep_in_bed":1,"minecraft:total_world_time":16363,"minecraft:fly_one_cm":377013,"minecraft:fall_one_cm":2984},"minecraft:mined":{"minecraft:dirt_path":1}},"DataVersion":3465}