{"stats":{"minecraft:custom":{"minecraft:mob_kills":29,"minecraft:interact_with_crafting_table":13,"minecraft:damage_dealt_resisted":547,"minecraft:leave_game":4,"minecraft:time_since_death":285610,"minecraft:climb_one_cm":8173,"minecraft:sprint_one_cm":491269,"minecraft:walk_one_cm":759505,"minecraft:drop":136,"minecraft:play_time":285610,"minecraft:sneak_time":6581,"minecraft:walk_under_water_one_cm":4460,"minecraft:jump":4342,"minecraft:interact_with_blast_furnace":3,"minecraft:walk_on_water_one_cm":4840,"minecraft:total_world_time":285610,"minecraft:interact_with_furnace":9,"minecraft:sleep_in_bed":12,"minecraft:time_since_rest":9388,"minecraft:damage_taken":1182,"minecraft:damage_dealt":5256,"minecraft:swim_one_cm":23071,"minecraft:fly_one_cm":1325662,"minecraft:open_chest":72,"minecraft:crouch_one_cm":10256,"minecraft:fall_one_cm":63803},"minecraft:dropped":{"minecraft:water_bucket":1,"minecraft:iron_ingot":73,"minecraft:bread":169,"minecraft:wheat_seeds":26,"minecraft:diamond":92,"mca:wedding_ring_rg":2,"minecraft:diamond_leggings":3,"minecraft:netherite_helmet":1,"minecraft:cobblestone":1112,"minecraft:spruce_button":3,"mca:family_tree":1,"minecraft:red_carpet":6,"sophisticatedbackpacks:gold_backpack":1,"minecraft:dirt":933,"minecraft:golden_carrot":17,"minecraft:torch":64,"minecraft:iron_door":1,"minecraft:diamond_helmet":1,"minecraft:gold_nugget":2,"minecraft:iron_axe":1,"minecraft:polished_blackstone_bricks":1,"minecraft:iron_pickaxe":1,"mca:engagement_ring_rg":2,"minecraft:blue_bed":1,"minecraft:gold_ingot":32,"minecraft:bone":1,"minecraft:gravel":3,"minecraft:spyglass":1,"minecraft:cobbled_deepslate":671,"minecraft:rotten_flesh":3,"minecraft:iron_hoe":1,"minecraft:oak_sign":6,"minecraft:pumpkin_seeds":1,"minecraft:diamond_sword":1,"minecraft:poppy":26,"mca:villager_editor":2,"minecraft:diamond_chestplate":1,"minecraft:spruce_planks":1,"minecraft:spruce_pressure_plate":3,"vanillaplustools:stone_hammer":4,"minecraft:oak_sapling":36,"mca:whistle":1,"simpleradio:transceiver":2,"minecraft:diamond_boots":2,"minecraft:black_wool":1},"minecraft:used":{"minecraft:axolotl_spawn_egg":1,"minecraft:stone":26,"vanillaplustools:stone_hammer":124,"minecraft:netherrack":4,"minecraft:torch":78,"minecraft:dirt":127,"minecraft:spyglass":21,"minecraft:tuff":15,"minecraft:polished_diorite":19,"vanillaplustools:iron_shovel":449,"minecraft:villager_spawn_egg":14,"minecraft:spruce_button":1,"minecraft:cobbled_deepslate":90,"mca:male_villager_spawn_egg":7,"minecraft:water_bucket":30,"cave_dweller:cave_dweller_spawn_egg":3,"minecraft:stone_pickaxe":1,"minecraft:diamond_axe":118,"minecraft:crafting_table":4,"minecraft:red_bed":4,"mca:female_villager_spawn_egg":15,"vanillaplustools:stone_shovel":135,"minecraft:white_bed":1,"minecraft:dark_oak_door":1,"minecraft:lever":1,"minecraft:diamond_pickaxe":105,"minecraft:bread":56,"minecraft:spruce_pressure_plate":2,"minecraft:iron_door":2,"minecraft:gravel":3,"minecraft:diamond_sword":90,"minecraft:cobblestone":73,"minecraft:potion":1,"vanillaplustools:iron_hammer":670,"minecraft:bucket":30,"minecraft:yellow_bed":5},"minecraft:mined":{"minecraft:infested_deepslate":1,"minecraft:tuff":141,"minecraft:spruce_planks":1,"minecraft:deepslate_diamond_ore":21,"minecraft:obsidian":1,"minecraft:lever":4,"minecraft:grass_block":1198,"minecraft:oak_wall_sign":2,"minecraft:polished_blackstone_bricks":1,"minecraft:iron_ore":10,"minecraft:cobbled_deepslate":17,"minecraft:andesite":24,"minecraft:deepslate_iron_ore":2,"minecraft:dirt_path":4,"minecraft:spruce_pressure_plate":1,"minecraft:stone":3319,"minecraft:podzol":13,"minecraft:deepslate_redstone_ore":4,"minecraft:red_bed":2,"minecraft:amethyst_cluster":11,"minecraft:crafting_table":2,"minecraft:torch":3,"minecraft:spruce_button":2,"minecraft:emerald_ore":2,"minecraft:calcite":14,"minecraft:poppy":3,"minecraft:tall_grass":1,"minecraft:cobblestone":71,"minecraft:deepslate_gold_ore":20,"minecraft:iron_door":1,"minecraft:wall_torch":3,"minecraft:amethyst_block":5,"mca:cross_headstone":1,"minecraft:yellow_bed":1,"minecraft:grass":42,"minecraft:black_wool":1,"minecraft:oak_log":83,"minecraft:coal_ore":46,"minecraft:dirt":1314,"minecraft:gravel":39,"minecraft:smooth_basalt":6,"minecraft:oak_leaves":10,"minecraft:deepslate":1879},"minecraft:broken":{"vanillaplustools:iron_shovel":1,"vanillaplustools:stone_shovel":1},"minecraft:picked_up":{"minecraft:crafting_table":2,"minecraft:amethyst_block":5,"cave_dweller:cave_dweller_spawn_egg":1,"minecraft:red_bed":2,"minecraft:raw_copper":4,"minecraft:oak_sign":3,"minecraft:diamond_leggings":2,"minecraft:gold_nugget":2,"minecraft:cobbled_deepslate":922,"minecraft:spruce_planks":1,"minecraft:calcite":14,"minecraft:poppy":83,"minecraft:iron_pickaxe":1,"minecraft:phantom_membrane":1,"minecraft:spruce_pressure_plate":1,"minecraft:stick":22,"minecraft:raw_iron":12,"minecraft:torch":19,"minecraft:polished_blackstone_bricks":1,"minecraft:redstone":29,"minecraft:rotten_flesh":6,"minecraft:arrow":4,"minecraft:diamond_boots":1,"minecraft:saddle":1,"minecraft:gold_ingot":1,"sophisticatedbackpacks:copper_backpack":1,"minecraft:obsidian":1,"minecraft:cobblestone":2639,"minecraft:iron_door":1,"minecraft:water_bucket":1,"minecraft:leather":2,"mca:family_tree":1,"minecraft:potato":1,"minecraft:flint":1,"minecraft:tuff":141,"minecraft:oak_log":83,"minecraft:yellow_bed":1,"minecraft:gunpowder":2,"mca:book_romance":1,"minecraft:dirt":2014,"minecraft:bone":4,"minecraft:apple":1,"minecraft:wheat_seeds":45,"minecraft:raw_gold":20,"minecraft:smooth_basalt":6,"minecraft:gravel":6,"minecraft:amethyst_shard":44,"minecraft:pumpkin_seeds":1,"minecraft:diamond":30,"minecraft:netherite_helmet":1,"minecraft:lever":3,"minecraft:emerald":2,"minecraft:spruce_button":2,"minecraft:bread":28,"minecraft:oak_sapling":74,"minecraft:netherrack":4,"minecraft:black_wool":1,"minecraft:coal":49},"minecraft:crafted":{"minecraft:oak_planks":12,"minecraft:oak_sign":6,"minecraft:spyglass":2,"vanillaplustools:iron_shovel":1,"minecraft:spruce_pressure_plate":1,"vanillaplustools:iron_hammer":2,"minecraft:copper_ingot":4,"minecraft:air":0,"minecraft:iron_pickaxe":9,"minecraft:iron_shovel":9},"minecraft:killed":{"minecraft:zombified_piglin":8,"minecraft:phantom":1,"minecraft:skeleton":3,"minecraft:silverfish":1,"minecraft:creeper":2,"minecraft:zombie":10,"minecraft:donkey":1,"mca:female_villager":2,"minecraft:villager":1}},"DataVersion":3465}