{"stats":{"minecraft:custom":{"minecraft:jump":94,"minecraft:time_since_rest":4869,"minecraft:damage_dealt":150,"minecraft:leave_game":1,"minecraft:play_time":4869,"minecraft:sprint_one_cm":4490,"minecraft:time_since_death":4869,"minecraft:walk_one_cm":14845,"minecraft:total_world_time":4869,"minecraft:sneak_time":75,"minecraft:mob_kills":1,"minecraft:fall_one_cm":1581,"minecraft:fly_one_cm":7866,"minecraft:crouch_one_cm":198},"minecraft:picked_up":{"minecraft:porkchop":3,"minecraft:spruce_log":2,"minecraft:dirt":3},"minecraft:crafted":{"minecraft:spruce_planks":8},"minecraft:used":{"minecraft:spruce_planks":5,"minecraft:dirt":3},"minecraft:mined":{"minecraft:grass_block":3,"minecraft:spruce_leaves":3,"minecraft:spruce_log":2},"minecraft:killed":{"minecraft:pig":1}},"DataVersion":3465}