{"stats":{"minecraft:killed":{"minecraft:donkey":1,"minecraft:zombie":2,"minecraft:villager":1},"minecraft:mined":{"minecraft:deepslate_diamond_ore":1,"minecraft:lever":3,"minecraft:dirt_path":1,"minecraft:cobblestone":1,"minecraft:oak_wall_sign":1,"minecraft:deepslate":29},"minecraft:crafted":{"minecraft:oak_planks":12,"minecraft:oak_sign":6},"minecraft:custom":{"minecraft:time_since_rest":58699,"minecraft:interact_with_furnace":1,"minecraft:sprint_one_cm":134127,"minecraft:damage_taken":247,"minecraft:walk_one_cm":117266,"minecraft:mob_kills":4,"minecraft:drop":41,"minecraft:damage_dealt":562,"minecraft:interact_with_crafting_table":4,"minecraft:fly_one_cm":612300,"minecraft:open_chest":10,"minecraft:crouch_one_cm":2714,"minecraft:play_time":81977,"minecraft:sneak_time":1631,"minecraft:jump":928,"minecraft:walk_on_water_one_cm":226,"minecraft:interact_with_blast_furnace":2,"minecraft:leave_game":2,"minecraft:time_since_death":81977,"minecraft:sleep_in_bed":2,"minecraft:climb_one_cm":7700,"minecraft:total_world_time":81977,"minecraft:fall_one_cm":9189},"minecraft:dropped":{"minecraft:iron_ingot":73,"minecraft:diamond_sword":1,"minecraft:bread":64,"minecraft:golden_carrot":17,"minecraft:diamond_chestplate":1,"minecraft:diamond":28,"minecraft:diamond_leggings":2,"vanillaplustools:stone_hammer":1,"minecraft:netherite_helmet":1,"minecraft:diamond_helmet":1,"simpleradio:transceiver":2,"minecraft:diamond_boots":2,"minecraft:iron_hoe":1,"minecraft:iron_axe":1,"minecraft:iron_pickaxe":1,"minecraft:oak_sign":2,"minecraft:pumpkin_seeds":1,"minecraft:red_carpet":6,"minecraft:gold_ingot":32,"sophisticatedbackpacks:gold_backpack":1},"minecraft:picked_up":{"minecraft:leather":2,"cave_dweller:cave_dweller_spawn_egg":1,"mca:book_romance":1,"minecraft:dirt":1,"minecraft:pumpkin_seeds":1,"minecraft:rotten_flesh":2,"minecraft:oak_sign":1,"minecraft:netherite_helmet":1,"minecraft:diamond_leggings":1,"minecraft:cobbled_deepslate":19,"minecraft:lever":3,"minecraft:diamond_boots":1,"minecraft:saddle":1},"minecraft:used":{"mca:male_villager_spawn_egg":7,"minecraft:lever":1,"minecraft:diamond_pickaxe":6,"minecraft:villager_spawn_egg":7,"minecraft:bread":8,"minecraft:stone_pickaxe":1,"vanillaplustools:stone_hammer":3,"minecraft:diamond_sword":10,"mca:female_villager_spawn_egg":13,"minecraft:yellow_bed":4,"minecraft:cobbled_deepslate":1,"minecraft:dark_oak_door":1,"minecraft:polished_diorite":18}},"DataVersion":3465}