{"stats":{"minecraft:killed":{"minecraft:donkey":1,"minecraft:zombie":2,"minecraft:villager":1},"minecraft:mined":{"minecraft:dirt_path":1},"minecraft:custom":{"minecraft:time_since_rest":22699,"minecraft:sprint_one_cm":68174,"minecraft:walk_one_cm":51554,"minecraft:mob_kills":4,"minecraft:drop":37,"minecraft:damage_dealt":562,"minecraft:interact_with_crafting_table":1,"minecraft:fly_one_cm":445986,"minecraft:open_chest":5,"minecraft:crouch_one_cm":1783,"minecraft:play_time":45977,"minecraft:sneak_time":986,"minecraft:jump":428,"minecraft:interact_with_blast_furnace":1,"minecraft:leave_game":2,"minecraft:time_since_death":45977,"minecraft:sleep_in_bed":2,"minecraft:total_world_time":45977,"minecraft:fall_one_cm":2984},"minecraft:dropped":{"minecraft:iron_ingot":73,"minecraft:diamond_sword":1,"minecraft:bread":64,"minecraft:golden_carrot":17,"minecraft:diamond_chestplate":1,"minecraft:diamond":28,"minecraft:diamond_leggings":2,"minecraft:netherite_helmet":1,"minecraft:diamond_helmet":1,"simpleradio:transceiver":1,"minecraft:diamond_boots":2,"minecraft:iron_hoe":1,"minecraft:iron_axe":1,"minecraft:iron_pickaxe":1,"minecraft:oak_sign":1,"minecraft:red_carpet":6,"minecraft:gold_ingot":32,"sophisticatedbackpacks:gold_backpack":1},"minecraft:picked_up":{"minecraft:leather":2,"cave_dweller:cave_dweller_spawn_egg":1,"mca:book_romance":1,"minecraft:dirt":1,"minecraft:pumpkin_seeds":1,"minecraft:rotten_flesh":2,"minecraft:netherite_helmet":1,"minecraft:diamond_leggings":1,"minecraft:diamond_boots":1,"minecraft:saddle":1},"minecraft:used":{"mca:male_villager_spawn_egg":7,"minecraft:villager_spawn_egg":7,"minecraft:diamond_sword":10,"mca:female_villager_spawn_egg":13,"minecraft:yellow_bed":4,"minecraft:dark_oak_door":1,"minecraft:polished_diorite":18}},"DataVersion":3465}