{"stats":{"minecraft:killed":{"minecraft:zombie":1},"minecraft:mined":{"minecraft:hay_block":24,"minecraft:white_bed":1,"minecraft:carrots":18,"minecraft:iron_ore":17,"minecraft:wheat":8,"minecraft:grass":11,"minecraft:black_wool":1,"minecraft:spruce_wall_sign":1,"minecraft:deepslate_bricks":2,"minecraft:cobblestone":3,"minecraft:polished_diorite":4,"minecraft:stone":27,"minecraft:oak_wall_sign":1,"minecraft:iron_door":1,"mca:cross_headstone":2},"minecraft:crafted":{"minecraft:oak_planks":4,"minecraft:stick":8,"minecraft:stone":3,"minecraft:stone_hoe":1,"minecraft:bucket":1,"minecraft:air":0},"minecraft:custom":{"minecraft:time_since_rest":6217,"minecraft:interact_with_furnace":1,"minecraft:sprint_one_cm":123185,"minecraft:damage_taken":241,"minecraft:walk_one_cm":143778,"minecraft:mob_kills":1,"minecraft:drop":3,"minecraft:damage_dealt":180,"minecraft:interact_with_crafting_table":5,"minecraft:fly_one_cm":20101,"minecraft:open_chest":35,"minecraft:crouch_one_cm":864,"minecraft:play_time":48281,"minecraft:sneak_time":353,"minecraft:walk_under_water_one_cm":3411,"minecraft:jump":166,"minecraft:walk_on_water_one_cm":2743,"minecraft:time_since_death":48281,"minecraft:sleep_in_bed":4,"minecraft:total_world_time":48281,"minecraft:horse_one_cm":1494,"minecraft:fall_one_cm":8470},"minecraft:dropped":{"minecraft:carrot":3},"minecraft:used":{"minecraft:wheat_seeds":26,"minecraft:diamond_pickaxe":27,"minecraft:diamond_boots":1,"minecraft:bread":9,"minecraft:spruce_button":1,"minecraft:iron_pickaxe":29,"minecraft:oak_sign":1,"minecraft:iron_door":1,"minecraft:stone_hoe":26,"minecraft:deepslate_bricks":2,"minecraft:diamond_chestplate":1,"minecraft:diamond_sword":3,"minecraft:cobblestone":15,"minecraft:bucket":1,"minecraft:carrot":1,"minecraft:diamond_helmet":1,"minecraft:diamond_leggings":1,"minecraft:polished_diorite":4},"minecraft:picked_up":{"mca:wedding_ring_rg":1,"minecraft:spruce_pressure_plate":2,"minecraft:raw_iron":17,"minecraft:wheat":8,"minecraft:iron_door":1,"mca:engagement_ring_rg":1,"minecraft:diamond_sword":1,"minecraft:white_bed":1,"minecraft:carrot":66,"minecraft:bone":2,"minecraft:diamond_chestplate":1,"minecraft:oak_sign":2,"minecraft:hay_block":24,"minecraft:wheat_seeds":29,"minecraft:polished_diorite":4,"minecraft:diamond_leggings":1,"minecraft:deepslate_bricks":2,"minecraft:diamond_boots":1,"minecraft:spruce_button":1,"sophisticatedbackpacks:copper_backpack":1,"minecraft:spruce_sign":1,"mca:villager_editor":2,"minecraft:bread":65,"minecraft:iron_pickaxe":1,"minecraft:diamond_helmet":1,"minecraft:black_wool":1,"minecraft:cobblestone":30,"minecraft:diamond_pickaxe":1}},"DataVersion":3465}