{"stats":{"minecraft:killed":{"mca:male_zombie_villager":2,"minecraft:vindicator":1,"minecraft:spider":9,"minecraft:skeleton":20,"minecraft:horse":7,"minecraft:chicken":4,"minecraft:drowned":1,"minecraft:skeleton_horse":2,"minecraft:pig":3,"minecraft:iron_golem":3,"minecraft:wandering_trader":2,"minecraft:creeper":11,"minecraft:squid":6,"minecraft:sheep":18,"minecraft:trader_llama":4,"minecraft:pillager":3,"minecraft:zombie":32,"mca:female_villager":1,"minecraft:enderman":1,"minecraft:cow":28},"minecraft:broken":{"minecraft:shield":2,"minecraft:iron_axe":3},"minecraft:crafted":{"minecraft:oak_planks":628,"minecraft:coal":18,"minecraft:stone":3,"minecraft:bone_meal":42,"minecraft:bookshelf":1,"minecraft:spruce_pressure_plate":1,"minecraft:cooked_mutton":41,"minecraft:iron_axe":3,"minecraft:iron_hoe":1,"minecraft:stone_pickaxe":10,"minecraft:chest":4,"minecraft:oak_button":64,"minecraft:stone_hoe":1,"minecraft:oak_fence":3,"minecraft:wheat":351,"minecraft:cooked_beef":52,"minecraft:arrow":80,"minecraft:emerald":107,"minecraft:crafting_table":2,"minecraft:spruce_planks":1368,"minecraft:smithing_table":1,"minecraft:bucket":2,"minecraft:pumpkin_seeds":4,"minecraft:campfire":9,"minecraft:stone_axe":12,"minecraft:enchanted_book":3,"minecraft:bread":30,"minecraft:air":0,"minecraft:oak_boat":1,"minecraft:spruce_trapdoor":4,"minecraft:paper":81,"minecraft:shield":3,"minecraft:stick":3278,"minecraft:iron_ingot":25,"minecraft:white_bed":3,"minecraft:torch":108,"minecraft:shears":1},"minecraft:picked_up":{"minecraft:wooden_axe":1,"minecraft:charcoal":6,"minecraft:crafting_table":1,"minecraft:wheat":72,"minecraft:chicken":4,"minecraft:leather_leggings":1,"minecraft:smithing_table":5,"minecraft:lead":5,"minecraft:diamond_sword":2,"minecraft:gold_block":4,"minecraft:brewing_stand":1,"minecraft:string":14,"minecraft:netherite_ingot":1,"minecraft:shroomlight":2,"minecraft:oak_sign":2,"minecraft:beetroot":44,"vanillaplustools:stone_shovel":1,"minecraft:diamond_leggings":2,"minecraft:gold_nugget":27,"minecraft:cobbled_deepslate":564,"minecraft:spruce_planks":14,"minecraft:beef":83,"minecraft:oak_boat":1,"minecraft:lectern":18,"minecraft:poppy":12,"minecraft:iron_pickaxe":1,"minecraft:sugar_cane":143,"minecraft:birch_sapling":25,"minecraft:spruce_trapdoor":1,"minecraft:phantom_membrane":1,"minecraft:egg":2,"minecraft:spruce_pressure_plate":2,"minecraft:stick":70,"minecraft:raw_iron":32,"minecraft:oak_fence":1,"minecraft:torch":10,"minecraft:porkchop":10,"minecraft:polished_blackstone_bricks":1,"minecraft:cherry_log":20,"minecraft:pointed_dripstone":9,"minecraft:carrot":388,"minecraft:redstone":307,"minecraft:diamond_chestplate":2,"minecraft:arrow":17,"minecraft:rotten_flesh":58,"minecraft:beetroot_seeds":131,"minecraft:peony":13,"minecraft:diamond_boots":2,"minecraft:deepslate_bricks":5,"minecraft:hay_block":39,"sophisticatedbackpacks:copper_backpack":1,"minecraft:mutton":28,"minecraft:skeleton_skull":4,"minecraft:cobblestone":220,"minecraft:white_wool":66,"minecraft:birch_log":209,"minecraft:pink_petals":51,"minecraft:leather_chestplate":1,"minecraft:feather":3,"minecraft:iron_door":2,"minecraft:leather":31,"minecraft:red_mushroom":1,"minecraft:potato":415,"minecraft:tuff":6,"minecraft:oak_log":36,"minecraft:nether_wart_block":4,"minecraft:gunpowder":9,"minecraft:dirt":100,"minecraft:blue_bed":1,"minecraft:bone":34,"minecraft:wheat_seeds":265,"minecraft:raw_gold":6,"minecraft:iron_ingot":8,"minecraft:glowstone_dust":55,"mca:villager_editor":2,"minecraft:diamond_helmet":1,"minecraft:book":6,"mca:wedding_ring_rg":1,"minecraft:smooth_basalt":2,"minecraft:pumpkin":6,"mca:engagement_ring_rg":1,"minecraft:quartz":14,"minecraft:poisonous_potato":1,"minecraft:dripstone_block":10,"minecraft:amethyst_shard":4,"minecraft:spruce_sapling":38,"minecraft:ink_sac":9,"minecraft:spruce_log":305,"minecraft:white_bed":2,"minecraft:grass_block":1,"minecraft:spider_eye":8,"minecraft:iron_hoe":1,"minecraft:diamond":2,"minecraft:spruce_boat":1,"minecraft:polished_diorite":8,"minecraft:granite":1,"vanillaplustools:stone_hammer":1,"minecraft:cherry_sapling":20,"minecraft:spruce_sign":2,"minecraft:spruce_button":2,"minecraft:emerald":2,"minecraft:bread":65,"minecraft:baked_potato":16,"minecraft:oak_sapling":12,"minecraft:netherrack":40,"minecraft:black_wool":5,"minecraft:coal":67,"minecraft:diamond_pickaxe":1,"minecraft:sunflower":3},"minecraft:mined":{"minecraft:nether_gold_ore":6,"minecraft:tuff":1,"minecraft:white_bed":2,"minecraft:deepslate_diamond_ore":2,"minecraft:cherry_log":20,"minecraft:cherry_sapling":1,"minecraft:brewing_stand":1,"minecraft:spruce_trapdoor":1,"minecraft:grass_block":13,"minecraft:deepslate_bricks":5,"minecraft:polished_diorite":8,"minecraft:oak_wall_sign":1,"minecraft:hay_block":39,"minecraft:polished_blackstone_bricks":1,"minecraft:glowstone":23,"minecraft:carrots":79,"minecraft:iron_ore":27,"minecraft:cobbled_deepslate":52,"minecraft:fire":7,"minecraft:pumpkin":6,"minecraft:peony":17,"minecraft:gold_block":3,"minecraft:shroomlight":2,"minecraft:bookshelf":2,"minecraft:potatoes":74,"minecraft:deepslate_iron_ore":5,"minecraft:dirt_path":3,"minecraft:stone":78,"minecraft:white_wool":1,"minecraft:smithing_table":5,"minecraft:deepslate_redstone_ore":70,"minecraft:crimson_nylium":4,"minecraft:amethyst_cluster":1,"minecraft:oak_fence":1,"minecraft:crafting_table":1,"minecraft:torch":4,"minecraft:emerald_ore":2,"minecraft:lectern":18,"minecraft:campfire":3,"minecraft:spruce_wall_sign":2,"minecraft:cobblestone":17,"minecraft:nether_quartz_ore":14,"minecraft:tall_grass":12,"minecraft:deepslate_gold_ore":5,"minecraft:sugar_cane":89,"minecraft:iron_door":2,"minecraft:wall_torch":1,"minecraft:blue_bed":1,"mca:cross_headstone":3,"minecraft:pink_petals":22,"minecraft:nether_wart_block":4,"minecraft:birch_log":213,"minecraft:wheat":70,"minecraft:spruce_log":440,"minecraft:grass":98,"minecraft:black_wool":1,"minecraft:oak_log":36,"minecraft:coal_ore":69,"minecraft:beetroots":30,"minecraft:sunflower":2,"minecraft:dirt":19,"minecraft:oak_leaves":3,"minecraft:smooth_basalt":2,"minecraft:netherrack":37,"minecraft:deepslate":40},"minecraft:dropped":{"minecraft:iron_ingot":1,"minecraft:bread":31,"minecraft:porkchop":5,"minecraft:cherry_log":20,"minecraft:cobblestone":3,"minecraft:book":1,"minecraft:stick":3,"minecraft:ink_sac":6,"minecraft:birch_log":204,"minecraft:white_wool":38,"minecraft:stone_axe":12,"minecraft:sugar_cane":1,"minecraft:birch_sapling":21,"minecraft:rotten_flesh":9,"minecraft:carrot":3,"minecraft:deepslate_bricks":2,"minecraft:diamond_sword":1,"minecraft:peony":13,"minecraft:beetroot_seeds":14,"minecraft:spider_eye":1,"minecraft:stone_pickaxe":10,"minecraft:beef":30,"minecraft:netherrack":4,"minecraft:black_wool":2,"minecraft:water_bucket":1},"minecraft:used":{"minecraft:oak_fence":2,"minecraft:cherry_sapling":17,"minecraft:oak_sign":1,"minecraft:spruce_planks":54,"minecraft:chest":4,"minecraft:shield":102,"minecraft:stone_hoe":85,"minecraft:netherrack":10,"minecraft:torch":53,"minecraft:brewing_stand":1,"minecraft:dirt":167,"minecraft:carrot":254,"minecraft:diamond_helmet":1,"minecraft:tuff":5,"minecraft:granite":1,"minecraft:axolotl_bucket":2,"minecraft:polished_diorite":8,"minecraft:spruce_boat":1,"minecraft:iron_hoe":3,"minecraft:bookshelf":2,"minecraft:birch_sapling":6,"minecraft:iron_axe":808,"minecraft:spruce_button":1,"minecraft:smooth_basalt":2,"minecraft:diamond_chestplate":2,"minecraft:bow":8,"minecraft:beetroot_seeds":20,"minecraft:egg":1,"minecraft:cooked_beef":27,"minecraft:potato":72,"minecraft:cobbled_deepslate":94,"minecraft:wheat_seeds":150,"minecraft:cooked_mutton":24,"minecraft:water_bucket":22,"minecraft:diamond_boots":1,"minecraft:baked_potato":3,"minecraft:oak_planks":4,"minecraft:sugar_cane":42,"minecraft:blue_bed":1,"minecraft:deepslate_bricks":3,"minecraft:crafting_table":1,"minecraft:white_bed":5,"minecraft:campfire":9,"minecraft:pumpkin_seeds":3,"minecraft:diamond_pickaxe":468,"minecraft:bread":28,"minecraft:iron_pickaxe":29,"minecraft:spruce_trapdoor":5,"minecraft:lectern":18,"minecraft:iron_door":2,"minecraft:spruce_sapling":16,"minecraft:nether_wart_block":4,"minecraft:diamond_sword":430,"minecraft:cobblestone":146,"minecraft:smithing_table":6,"minecraft:bucket":26,"minecraft:oak_boat":1,"minecraft:diamond_leggings":1,"minecraft:bone_meal":42},"minecraft:custom":{"minecraft:interact_with_smithing_table":5,"minecraft:interact_with_anvil":1,"minecraft:mob_kills":164,"minecraft:animals_bred":7,"minecraft:interact_with_crafting_table":41,"minecraft:interact_with_campfire":16,"minecraft:leave_game":2,"minecraft:time_since_death":471192,"minecraft:climb_one_cm":3629,"minecraft:sprint_one_cm":1989526,"minecraft:walk_one_cm":1517145,"minecraft:damage_blocked_by_shield":7523,"minecraft:drop":169,"minecraft:talked_to_villager":197,"minecraft:play_time":471192,"minecraft:sneak_time":4999,"minecraft:walk_under_water_one_cm":83647,"minecraft:boat_one_cm":135998,"minecraft:interact_with_brewingstand":2,"minecraft:jump":4276,"minecraft:interact_with_blast_furnace":4,"minecraft:walk_on_water_one_cm":41763,"minecraft:total_world_time":471192,"minecraft:interact_with_furnace":14,"minecraft:traded_with_villager":138,"minecraft:interact_with_stonecutter":1,"minecraft:sleep_in_bed":16,"minecraft:time_since_rest":37217,"minecraft:damage_taken":6130,"minecraft:damage_dealt":26026,"minecraft:swim_one_cm":134539,"minecraft:fly_one_cm":513922,"minecraft:open_chest":329,"minecraft:crouch_one_cm":7724,"minecraft:fall_one_cm":117069,"minecraft:horse_one_cm":53864}},"DataVersion":3465}