{"stats":{"minecraft:killed":{"mca:male_zombie_villager":1,"minecraft:spider":1,"minecraft:wandering_trader":1,"minecraft:sheep":9,"minecraft:skeleton":3,"minecraft:trader_llama":2,"minecraft:zombie":6,"minecraft:chicken":1,"minecraft:cow":1},"minecraft:mined":{"minecraft:nether_gold_ore":2,"minecraft:deepslate_redstone_ore":16,"minecraft:tuff":1,"minecraft:white_bed":1,"minecraft:torch":1,"minecraft:emerald_ore":2,"minecraft:grass_block":9,"minecraft:spruce_wall_sign":1,"minecraft:nether_quartz_ore":4,"minecraft:tall_grass":1,"minecraft:deepslate_bricks":5,"minecraft:cobblestone":11,"minecraft:polished_diorite":8,"minecraft:deepslate_gold_ore":5,"minecraft:oak_wall_sign":1,"minecraft:iron_door":1,"minecraft:wall_torch":1,"minecraft:blue_bed":1,"mca:cross_headstone":3,"minecraft:hay_block":29,"minecraft:carrots":27,"minecraft:fire":5,"minecraft:iron_ore":25,"minecraft:wheat":22,"minecraft:black_wool":1,"minecraft:grass":42,"minecraft:potatoes":9,"minecraft:deepslate_iron_ore":3,"minecraft:beetroots":7,"minecraft:dirt":1,"minecraft:stone":49,"minecraft:netherrack":4,"minecraft:deepslate":27},"minecraft:crafted":{"minecraft:oak_planks":52,"minecraft:coal":18,"minecraft:stone":3,"minecraft:bucket":1,"minecraft:cooked_mutton":26,"minecraft:air":0,"minecraft:shield":2,"minecraft:stick":56,"minecraft:iron_ingot":25,"minecraft:chest":2,"minecraft:torch":108,"minecraft:stone_hoe":1},"minecraft:custom":{"minecraft:interact_with_furnace":7,"minecraft:mob_kills":25,"minecraft:interact_with_crafting_table":15,"minecraft:leave_game":1,"minecraft:time_since_death":99259,"minecraft:sleep_in_bed":5,"minecraft:time_since_rest":33805,"minecraft:sprint_one_cm":303283,"minecraft:damage_taken":1342,"minecraft:walk_one_cm":309390,"minecraft:damage_blocked_by_shield":1328,"minecraft:drop":8,"minecraft:damage_dealt":4394,"minecraft:talked_to_villager":1,"minecraft:fly_one_cm":66535,"minecraft:open_chest":83,"minecraft:crouch_one_cm":1592,"minecraft:play_time":99259,"minecraft:sneak_time":1300,"minecraft:walk_under_water_one_cm":19769,"minecraft:jump":787,"minecraft:interact_with_blast_furnace":1,"minecraft:walk_on_water_one_cm":3653,"minecraft:total_world_time":99259,"minecraft:fall_one_cm":25942,"minecraft:horse_one_cm":1494},"minecraft:dropped":{"minecraft:iron_ingot":1,"minecraft:bread":1,"minecraft:carrot":3,"minecraft:deepslate_bricks":2,"minecraft:diamond_sword":1},"minecraft:used":{"minecraft:wheat_seeds":26,"minecraft:water_bucket":3,"minecraft:diamond_boots":1,"minecraft:oak_sign":1,"minecraft:chest":2,"minecraft:shield":21,"minecraft:stone_hoe":85,"minecraft:deepslate_bricks":3,"minecraft:torch":25,"minecraft:dirt":33,"minecraft:carrot":60,"minecraft:diamond_helmet":1,"minecraft:polished_diorite":8,"minecraft:diamond_pickaxe":137,"minecraft:bread":28,"minecraft:spruce_button":1,"minecraft:iron_pickaxe":29,"minecraft:iron_door":1,"minecraft:diamond_chestplate":1,"minecraft:diamond_sword":78,"minecraft:cobblestone":134,"minecraft:bucket":3,"minecraft:cobbled_deepslate":32,"minecraft:diamond_leggings":1},"minecraft:picked_up":{"minecraft:leather_chestplate":1,"minecraft:wheat":22,"minecraft:feather":1,"minecraft:chicken":1,"minecraft:iron_door":1,"minecraft:leather":2,"minecraft:lead":2,"minecraft:diamond_sword":2,"minecraft:potato":37,"minecraft:tuff":1,"minecraft:string":2,"minecraft:dirt":53,"minecraft:blue_bed":1,"minecraft:bone":7,"minecraft:oak_sign":2,"minecraft:beetroot":5,"minecraft:diamond_leggings":1,"minecraft:wheat_seeds":70,"minecraft:gold_nugget":10,"minecraft:cobbled_deepslate":32,"minecraft:raw_gold":5,"minecraft:beef":1,"mca:villager_editor":2,"minecraft:poppy":4,"minecraft:iron_pickaxe":1,"minecraft:diamond_helmet":1,"mca:wedding_ring_rg":1,"minecraft:spruce_pressure_plate":2,"minecraft:raw_iron":28,"mca:engagement_ring_rg":1,"minecraft:torch":2,"minecraft:quartz":4,"minecraft:white_bed":1,"minecraft:carrot":103,"minecraft:redstone":69,"minecraft:rotten_flesh":5,"minecraft:arrow":5,"minecraft:diamond_chestplate":1,"minecraft:polished_diorite":8,"minecraft:beetroot_seeds":14,"minecraft:diamond_boots":1,"minecraft:deepslate_bricks":5,"minecraft:hay_block":29,"minecraft:emerald":2,"minecraft:spruce_sign":1,"minecraft:spruce_button":1,"minecraft:bread":65,"sophisticatedbackpacks:copper_backpack":1,"minecraft:netherrack":4,"minecraft:black_wool":2,"minecraft:mutton":13,"minecraft:white_wool":8,"minecraft:diamond_pickaxe":1,"minecraft:cobblestone":174}},"DataVersion":3465}