{"stats":{"minecraft:custom":{"minecraft:interact_with_smithing_table":2,"minecraft:interact_with_furnace":8,"minecraft:mob_kills":36,"minecraft:interact_with_crafting_table":18,"minecraft:interact_with_stonecutter":1,"minecraft:leave_game":1,"minecraft:time_since_death":152671,"minecraft:sleep_in_bed":6,"minecraft:time_since_rest":33388,"minecraft:sprint_one_cm":565134,"minecraft:damage_taken":1793,"minecraft:walk_one_cm":495711,"minecraft:damage_blocked_by_shield":1328,"minecraft:drop":8,"minecraft:damage_dealt":6617,"minecraft:talked_to_villager":2,"minecraft:fly_one_cm":121538,"minecraft:open_chest":130,"minecraft:crouch_one_cm":1850,"minecraft:play_time":152671,"minecraft:sneak_time":1749,"minecraft:walk_under_water_one_cm":20147,"minecraft:jump":1200,"minecraft:interact_with_blast_furnace":2,"minecraft:walk_on_water_one_cm":6035,"minecraft:total_world_time":152671,"minecraft:fall_one_cm":37884,"minecraft:horse_one_cm":8771},"minecraft:dropped":{"minecraft:iron_ingot":1,"minecraft:bread":1,"minecraft:carrot":3,"minecraft:deepslate_bricks":2,"minecraft:diamond_sword":1},"minecraft:used":{"minecraft:wheat_seeds":26,"minecraft:water_bucket":10,"minecraft:diamond_boots":1,"minecraft:oak_sign":1,"minecraft:chest":2,"minecraft:shield":21,"minecraft:sugar_cane":11,"minecraft:blue_bed":1,"minecraft:stone_hoe":85,"minecraft:deepslate_bricks":3,"minecraft:torch":29,"minecraft:iron_hoe":2,"minecraft:dirt":123,"minecraft:carrot":108,"minecraft:diamond_helmet":1,"minecraft:white_bed":1,"minecraft:pumpkin_seeds":3,"minecraft:polished_diorite":8,"minecraft:diamond_pickaxe":207,"minecraft:bread":28,"minecraft:spruce_button":1,"minecraft:iron_pickaxe":29,"minecraft:iron_door":2,"minecraft:diamond_chestplate":2,"minecraft:diamond_sword":109,"minecraft:cobblestone":139,"minecraft:smithing_table":1,"minecraft:bucket":11,"minecraft:potato":64,"minecraft:cobbled_deepslate":32,"minecraft:diamond_leggings":1},"minecraft:mined":{"minecraft:nether_gold_ore":2,"minecraft:deepslate_redstone_ore":18,"minecraft:tuff":1,"minecraft:white_bed":1,"minecraft:amethyst_cluster":1,"minecraft:torch":4,"minecraft:emerald_ore":2,"minecraft:grass_block":11,"minecraft:sugar_cane":1,"minecraft:spruce_wall_sign":1,"minecraft:deepslate_bricks":5,"minecraft:nether_quartz_ore":4,"minecraft:tall_grass":1,"minecraft:cobblestone":15,"minecraft:polished_diorite":8,"minecraft:deepslate_gold_ore":5,"minecraft:oak_wall_sign":1,"minecraft:iron_door":2,"minecraft:wall_torch":1,"minecraft:blue_bed":1,"mca:cross_headstone":3,"minecraft:hay_block":29,"minecraft:polished_blackstone_bricks":1,"minecraft:carrots":27,"minecraft:iron_ore":25,"minecraft:wheat":22,"minecraft:fire":5,"minecraft:black_wool":1,"minecraft:grass":45,"minecraft:coal_ore":39,"minecraft:potatoes":9,"minecraft:beetroots":7,"minecraft:deepslate_iron_ore":3,"minecraft:dirt":7,"minecraft:smooth_basalt":1,"minecraft:stone":68,"minecraft:netherrack":4,"minecraft:deepslate":27},"minecraft:picked_up":{"minecraft:leather_chestplate":1,"minecraft:wheat":22,"minecraft:feather":1,"minecraft:chicken":1,"minecraft:iron_door":2,"minecraft:leather":2,"minecraft:lead":2,"minecraft:diamond_sword":2,"minecraft:potato":37,"minecraft:tuff":1,"minecraft:gunpowder":4,"minecraft:string":2,"minecraft:dirt":71,"minecraft:blue_bed":1,"minecraft:netherite_ingot":1,"minecraft:bone":7,"minecraft:oak_sign":2,"minecraft:beetroot":5,"minecraft:iron_ingot":3,"minecraft:wheat_seeds":71,"minecraft:diamond_leggings":1,"minecraft:cobbled_deepslate":32,"minecraft:gold_nugget":10,"minecraft:raw_gold":5,"minecraft:beef":1,"mca:villager_editor":2,"minecraft:poppy":6,"minecraft:iron_pickaxe":1,"minecraft:diamond_helmet":1,"minecraft:sugar_cane":1,"minecraft:egg":1,"mca:wedding_ring_rg":1,"minecraft:spruce_pressure_plate":2,"minecraft:raw_iron":28,"minecraft:smooth_basalt":1,"mca:engagement_ring_rg":1,"minecraft:torch":5,"minecraft:quartz":4,"minecraft:polished_blackstone_bricks":1,"minecraft:amethyst_shard":4,"minecraft:carrot":103,"minecraft:white_bed":1,"minecraft:redstone":78,"minecraft:arrow":5,"minecraft:diamond_chestplate":1,"minecraft:rotten_flesh":9,"minecraft:polished_diorite":8,"minecraft:beetroot_seeds":14,"minecraft:diamond_boots":1,"minecraft:deepslate_bricks":5,"minecraft:hay_block":29,"minecraft:spruce_sign":1,"minecraft:spruce_button":1,"minecraft:emerald":2,"minecraft:bread":65,"sophisticatedbackpacks:copper_backpack":1,"minecraft:coal":37,"minecraft:netherrack":4,"minecraft:black_wool":2,"minecraft:mutton":24,"minecraft:white_wool":14,"minecraft:cobblestone":202,"minecraft:diamond_pickaxe":1},"minecraft:crafted":{"minecraft:oak_planks":52,"minecraft:coal":18,"minecraft:smithing_table":1,"minecraft:stone":3,"minecraft:bucket":1,"minecraft:pumpkin_seeds":4,"minecraft:cooked_mutton":26,"minecraft:air":0,"minecraft:shield":2,"minecraft:iron_hoe":1,"minecraft:stick":56,"minecraft:iron_ingot":25,"minecraft:chest":2,"minecraft:torch":108,"minecraft:stone_hoe":1},"minecraft:killed":{"mca:male_zombie_villager":1,"minecraft:iron_golem":1,"minecraft:spider":1,"minecraft:wandering_trader":1,"minecraft:creeper":2,"minecraft:sheep":15,"minecraft:skeleton":3,"minecraft:trader_llama":2,"minecraft:zombie":7,"minecraft:chicken":1,"minecraft:cow":1}},"DataVersion":3465}