{"stats":{"minecraft:killed":{"mca:male_zombie_villager":2,"minecraft:spider":6,"minecraft:skeleton":13,"minecraft:horse":7,"minecraft:chicken":1,"minecraft:drowned":1,"minecraft:pig":3,"minecraft:iron_golem":3,"minecraft:wandering_trader":2,"minecraft:creeper":8,"minecraft:squid":4,"minecraft:sheep":18,"minecraft:trader_llama":4,"minecraft:pillager":3,"minecraft:zombie":24,"minecraft:enderman":1,"minecraft:cow":20},"minecraft:broken":{"minecraft:shield":1,"minecraft:iron_axe":2},"minecraft:crafted":{"minecraft:oak_planks":628,"minecraft:coal":18,"minecraft:stone":3,"minecraft:bone_meal":42,"minecraft:spruce_pressure_plate":1,"minecraft:cooked_mutton":41,"minecraft:iron_axe":3,"minecraft:iron_hoe":1,"minecraft:chest":4,"minecraft:oak_button":64,"minecraft:stone_hoe":1,"minecraft:oak_fence":3,"minecraft:wheat":351,"minecraft:cooked_beef":52,"minecraft:arrow":16,"minecraft:emerald":71,"minecraft:crafting_table":2,"minecraft:spruce_planks":780,"minecraft:smithing_table":1,"minecraft:bucket":2,"minecraft:pumpkin_seeds":4,"minecraft:campfire":9,"minecraft:enchanted_book":1,"minecraft:bread":30,"minecraft:air":0,"minecraft:oak_boat":1,"minecraft:spruce_trapdoor":4,"minecraft:shield":2,"minecraft:stick":2260,"minecraft:iron_ingot":25,"minecraft:white_bed":3,"minecraft:torch":108,"minecraft:shears":1},"minecraft:picked_up":{"minecraft:wooden_axe":1,"minecraft:charcoal":6,"minecraft:crafting_table":1,"minecraft:wheat":40,"minecraft:chicken":1,"minecraft:smithing_table":3,"minecraft:lead":5,"minecraft:diamond_sword":2,"minecraft:gold_block":4,"minecraft:brewing_stand":1,"minecraft:string":11,"minecraft:netherite_ingot":1,"minecraft:oak_sign":2,"minecraft:beetroot":20,"vanillaplustools:stone_shovel":1,"minecraft:diamond_leggings":2,"minecraft:gold_nugget":10,"minecraft:cobbled_deepslate":564,"minecraft:beef":71,"minecraft:oak_boat":1,"minecraft:lectern":16,"minecraft:poppy":12,"minecraft:iron_pickaxe":1,"minecraft:sugar_cane":54,"minecraft:birch_sapling":25,"minecraft:spruce_trapdoor":1,"minecraft:phantom_membrane":1,"minecraft:egg":2,"minecraft:spruce_pressure_plate":2,"minecraft:stick":62,"minecraft:raw_iron":32,"minecraft:oak_fence":1,"minecraft:torch":8,"minecraft:porkchop":10,"minecraft:polished_blackstone_bricks":1,"minecraft:cherry_log":20,"minecraft:pointed_dripstone":9,"minecraft:carrot":219,"minecraft:redstone":307,"minecraft:diamond_chestplate":2,"minecraft:arrow":14,"minecraft:rotten_flesh":45,"minecraft:beetroot_seeds":76,"minecraft:peony":13,"minecraft:diamond_boots":2,"minecraft:deepslate_bricks":5,"minecraft:hay_block":39,"sophisticatedbackpacks:copper_backpack":1,"minecraft:mutton":28,"minecraft:skeleton_skull":4,"minecraft:cobblestone":217,"minecraft:white_wool":66,"minecraft:birch_log":209,"minecraft:pink_petals":51,"minecraft:leather_chestplate":1,"minecraft:feather":1,"minecraft:iron_door":2,"minecraft:leather":27,"minecraft:potato":381,"minecraft:tuff":6,"minecraft:oak_log":36,"minecraft:gunpowder":8,"minecraft:dirt":94,"minecraft:blue_bed":1,"minecraft:bone":26,"minecraft:wheat_seeds":177,"minecraft:raw_gold":6,"minecraft:iron_ingot":8,"mca:villager_editor":2,"minecraft:diamond_helmet":1,"minecraft:book":3,"mca:wedding_ring_rg":1,"minecraft:smooth_basalt":2,"minecraft:pumpkin":6,"mca:engagement_ring_rg":1,"minecraft:quartz":4,"minecraft:poisonous_potato":1,"minecraft:dripstone_block":10,"minecraft:amethyst_shard":4,"minecraft:spruce_sapling":35,"minecraft:ink_sac":6,"minecraft:spruce_log":158,"minecraft:white_bed":2,"minecraft:grass_block":1,"minecraft:spider_eye":7,"minecraft:iron_hoe":1,"minecraft:diamond":2,"minecraft:spruce_boat":1,"minecraft:polished_diorite":8,"minecraft:granite":1,"vanillaplustools:stone_hammer":1,"minecraft:cherry_sapling":20,"minecraft:spruce_sign":2,"minecraft:spruce_button":2,"minecraft:emerald":2,"minecraft:bread":65,"minecraft:baked_potato":16,"minecraft:oak_sapling":11,"minecraft:netherrack":4,"minecraft:black_wool":5,"minecraft:coal":67,"minecraft:diamond_pickaxe":1,"minecraft:sunflower":3},"minecraft:mined":{"minecraft:nether_gold_ore":2,"minecraft:tuff":1,"minecraft:white_bed":2,"minecraft:deepslate_diamond_ore":2,"minecraft:cherry_log":20,"minecraft:cherry_sapling":1,"minecraft:brewing_stand":1,"minecraft:spruce_trapdoor":1,"minecraft:grass_block":13,"minecraft:deepslate_bricks":5,"minecraft:polished_diorite":8,"minecraft:oak_wall_sign":1,"minecraft:hay_block":39,"minecraft:polished_blackstone_bricks":1,"minecraft:carrots":48,"minecraft:iron_ore":27,"minecraft:cobbled_deepslate":52,"minecraft:fire":7,"minecraft:pumpkin":6,"minecraft:peony":17,"minecraft:gold_block":3,"minecraft:bookshelf":1,"minecraft:potatoes":65,"minecraft:deepslate_iron_ore":5,"minecraft:dirt_path":3,"minecraft:stone":78,"minecraft:white_wool":1,"minecraft:smithing_table":3,"minecraft:deepslate_redstone_ore":70,"minecraft:amethyst_cluster":1,"minecraft:oak_fence":1,"minecraft:crafting_table":1,"minecraft:torch":4,"minecraft:emerald_ore":2,"minecraft:lectern":16,"minecraft:campfire":3,"minecraft:spruce_wall_sign":2,"minecraft:cobblestone":16,"minecraft:nether_quartz_ore":4,"minecraft:tall_grass":11,"minecraft:deepslate_gold_ore":5,"minecraft:sugar_cane":33,"minecraft:iron_door":2,"minecraft:wall_torch":1,"minecraft:blue_bed":1,"mca:cross_headstone":3,"minecraft:pink_petals":22,"minecraft:birch_log":213,"minecraft:wheat":40,"minecraft:spruce_log":195,"minecraft:grass":77,"minecraft:black_wool":1,"minecraft:oak_log":36,"minecraft:coal_ore":69,"minecraft:beetroots":29,"minecraft:sunflower":2,"minecraft:dirt":13,"minecraft:oak_leaves":2,"minecraft:smooth_basalt":2,"minecraft:netherrack":4,"minecraft:deepslate":40},"minecraft:dropped":{"minecraft:iron_ingot":1,"minecraft:bread":31,"minecraft:porkchop":5,"minecraft:cherry_log":20,"minecraft:book":1,"minecraft:ink_sac":6,"minecraft:birch_log":204,"minecraft:white_wool":38,"minecraft:birch_sapling":21,"minecraft:rotten_flesh":9,"minecraft:carrot":3,"minecraft:deepslate_bricks":2,"minecraft:diamond_sword":1,"minecraft:peony":13,"minecraft:beetroot_seeds":14,"minecraft:spider_eye":1,"minecraft:beef":30,"minecraft:netherrack":4,"minecraft:black_wool":2},"minecraft:used":{"minecraft:oak_fence":2,"minecraft:cherry_sapling":17,"minecraft:oak_sign":1,"minecraft:chest":4,"minecraft:shield":77,"minecraft:stone_hoe":85,"minecraft:torch":41,"minecraft:brewing_stand":1,"minecraft:dirt":142,"minecraft:carrot":254,"minecraft:diamond_helmet":1,"minecraft:tuff":5,"minecraft:granite":1,"minecraft:axolotl_bucket":2,"minecraft:polished_diorite":8,"minecraft:spruce_boat":1,"minecraft:iron_hoe":2,"minecraft:bookshelf":1,"minecraft:birch_sapling":6,"minecraft:iron_axe":554,"minecraft:spruce_button":1,"minecraft:smooth_basalt":2,"minecraft:diamond_chestplate":2,"minecraft:beetroot_seeds":20,"minecraft:egg":1,"minecraft:cooked_beef":3,"minecraft:potato":72,"minecraft:cobbled_deepslate":94,"minecraft:wheat_seeds":76,"minecraft:cooked_mutton":24,"minecraft:water_bucket":14,"minecraft:diamond_boots":1,"minecraft:baked_potato":3,"minecraft:oak_planks":4,"minecraft:sugar_cane":20,"minecraft:blue_bed":1,"minecraft:deepslate_bricks":3,"minecraft:crafting_table":1,"minecraft:white_bed":5,"minecraft:campfire":9,"minecraft:pumpkin_seeds":3,"minecraft:diamond_pickaxe":384,"minecraft:bread":28,"minecraft:iron_pickaxe":29,"minecraft:spruce_trapdoor":5,"minecraft:lectern":16,"minecraft:iron_door":2,"minecraft:spruce_sapling":16,"minecraft:diamond_sword":341,"minecraft:cobblestone":146,"minecraft:smithing_table":4,"minecraft:bucket":18,"minecraft:oak_boat":1,"minecraft:diamond_leggings":1,"minecraft:bone_meal":42},"minecraft:custom":{"minecraft:interact_with_smithing_table":5,"minecraft:interact_with_anvil":1,"minecraft:mob_kills":125,"minecraft:animals_bred":7,"minecraft:interact_with_crafting_table":37,"minecraft:interact_with_campfire":16,"minecraft:leave_game":2,"minecraft:time_since_death":387192,"minecraft:climb_one_cm":552,"minecraft:sprint_one_cm":1465373,"minecraft:walk_one_cm":1274742,"minecraft:damage_blocked_by_shield":5153,"minecraft:drop":140,"minecraft:talked_to_villager":134,"minecraft:play_time":387192,"minecraft:sneak_time":3597,"minecraft:walk_under_water_one_cm":67329,"minecraft:boat_one_cm":135998,"minecraft:interact_with_brewingstand":2,"minecraft:jump":3129,"minecraft:interact_with_blast_furnace":4,"minecraft:walk_on_water_one_cm":29921,"minecraft:total_world_time":387192,"minecraft:interact_with_furnace":13,"minecraft:traded_with_villager":73,"minecraft:interact_with_stonecutter":1,"minecraft:sleep_in_bed":11,"minecraft:time_since_rest":1043,"minecraft:damage_taken":4786,"minecraft:damage_dealt":20704,"minecraft:swim_one_cm":118759,"minecraft:fly_one_cm":332493,"minecraft:open_chest":287,"minecraft:crouch_one_cm":4836,"minecraft:fall_one_cm":83053,"minecraft:horse_one_cm":53470}},"DataVersion":3465}