{"stats":{"minecraft:custom":{"minecraft:interact_with_smithing_table":2,"minecraft:mob_kills":36,"minecraft:interact_with_crafting_table":18,"minecraft:leave_game":1,"minecraft:time_since_death":164671,"minecraft:sprint_one_cm":642241,"minecraft:walk_one_cm":538363,"minecraft:damage_blocked_by_shield":1328,"minecraft:drop":8,"minecraft:talked_to_villager":2,"minecraft:play_time":164671,"minecraft:sneak_time":2000,"minecraft:walk_under_water_one_cm":25433,"minecraft:interact_with_brewingstand":1,"minecraft:jump":1288,"minecraft:interact_with_blast_furnace":2,"minecraft:walk_on_water_one_cm":6297,"minecraft:total_world_time":164671,"minecraft:interact_with_furnace":8,"minecraft:interact_with_stonecutter":1,"minecraft:sleep_in_bed":6,"minecraft:time_since_rest":45388,"minecraft:damage_taken":1803,"minecraft:damage_dealt":6687,"minecraft:swim_one_cm":18548,"minecraft:fly_one_cm":138990,"minecraft:open_chest":137,"minecraft:crouch_one_cm":2130,"minecraft:fall_one_cm":38306,"minecraft:horse_one_cm":8771},"minecraft:dropped":{"minecraft:iron_ingot":1,"minecraft:bread":1,"minecraft:carrot":3,"minecraft:deepslate_bricks":2,"minecraft:diamond_sword":1},"minecraft:used":{"minecraft:oak_sign":1,"minecraft:chest":2,"minecraft:shield":21,"minecraft:stone_hoe":85,"minecraft:torch":29,"minecraft:brewing_stand":1,"minecraft:dirt":123,"minecraft:carrot":119,"minecraft:diamond_helmet":1,"minecraft:tuff":5,"minecraft:polished_diorite":8,"minecraft:iron_hoe":2,"minecraft:spruce_button":1,"minecraft:smooth_basalt":2,"minecraft:diamond_chestplate":2,"minecraft:potato":64,"minecraft:cobbled_deepslate":76,"minecraft:wheat_seeds":26,"minecraft:water_bucket":10,"minecraft:diamond_boots":1,"minecraft:blue_bed":1,"minecraft:sugar_cane":11,"minecraft:deepslate_bricks":3,"minecraft:white_bed":1,"minecraft:pumpkin_seeds":3,"minecraft:diamond_pickaxe":321,"minecraft:bread":28,"minecraft:iron_pickaxe":29,"minecraft:iron_door":2,"minecraft:diamond_sword":110,"minecraft:cobblestone":139,"minecraft:smithing_table":1,"minecraft:bucket":11,"minecraft:diamond_leggings":1},"minecraft:mined":{"minecraft:nether_gold_ore":2,"minecraft:tuff":1,"minecraft:white_bed":1,"minecraft:deepslate_diamond_ore":2,"minecraft:brewing_stand":1,"minecraft:grass_block":11,"minecraft:deepslate_bricks":5,"minecraft:polished_diorite":8,"minecraft:oak_wall_sign":1,"minecraft:hay_block":29,"minecraft:polished_blackstone_bricks":1,"minecraft:carrots":27,"minecraft:fire":5,"minecraft:iron_ore":25,"minecraft:cobbled_deepslate":46,"minecraft:potatoes":9,"minecraft:deepslate_iron_ore":3,"minecraft:stone":68,"minecraft:deepslate_redstone_ore":70,"minecraft:amethyst_cluster":1,"minecraft:torch":4,"minecraft:emerald_ore":2,"minecraft:spruce_wall_sign":1,"minecraft:cobblestone":15,"minecraft:nether_quartz_ore":4,"minecraft:tall_grass":1,"minecraft:deepslate_gold_ore":5,"minecraft:sugar_cane":1,"minecraft:iron_door":2,"minecraft:blue_bed":1,"minecraft:wall_torch":1,"mca:cross_headstone":3,"minecraft:wheat":22,"minecraft:grass":45,"minecraft:black_wool":1,"minecraft:coal_ore":39,"minecraft:beetroots":7,"minecraft:dirt":7,"minecraft:smooth_basalt":2,"minecraft:netherrack":4,"minecraft:deepslate":39},"minecraft:picked_up":{"minecraft:wooden_axe":1,"minecraft:wheat":22,"minecraft:chicken":1,"minecraft:lead":2,"minecraft:diamond_sword":2,"minecraft:brewing_stand":1,"minecraft:string":2,"minecraft:netherite_ingot":1,"minecraft:oak_sign":2,"minecraft:beetroot":5,"vanillaplustools:stone_shovel":1,"minecraft:diamond_leggings":1,"minecraft:gold_nugget":10,"minecraft:cobbled_deepslate":163,"minecraft:beef":1,"minecraft:poppy":6,"minecraft:iron_pickaxe":1,"minecraft:sugar_cane":1,"minecraft:phantom_membrane":1,"minecraft:egg":1,"minecraft:spruce_pressure_plate":2,"minecraft:raw_iron":28,"minecraft:torch":7,"minecraft:polished_blackstone_bricks":1,"minecraft:carrot":103,"minecraft:redstone":307,"minecraft:rotten_flesh":9,"minecraft:arrow":5,"minecraft:diamond_chestplate":1,"minecraft:beetroot_seeds":14,"minecraft:deepslate_bricks":5,"minecraft:diamond_boots":1,"minecraft:hay_block":29,"sophisticatedbackpacks:copper_backpack":1,"minecraft:mutton":24,"minecraft:white_wool":14,"minecraft:cobblestone":202,"minecraft:leather_chestplate":1,"minecraft:feather":1,"minecraft:iron_door":2,"minecraft:leather":2,"minecraft:potato":37,"minecraft:tuff":6,"minecraft:gunpowder":4,"minecraft:blue_bed":1,"minecraft:dirt":71,"minecraft:bone":7,"minecraft:wheat_seeds":71,"minecraft:raw_gold":5,"minecraft:iron_ingot":3,"mca:villager_editor":2,"minecraft:diamond_helmet":1,"mca:wedding_ring_rg":1,"minecraft:smooth_basalt":2,"mca:engagement_ring_rg":1,"minecraft:quartz":4,"minecraft:amethyst_shard":4,"minecraft:white_bed":1,"minecraft:diamond":2,"minecraft:polished_diorite":8,"vanillaplustools:stone_hammer":1,"minecraft:spruce_button":1,"minecraft:spruce_sign":1,"minecraft:bread":65,"minecraft:emerald":2,"minecraft:black_wool":2,"minecraft:netherrack":4,"minecraft:coal":37,"minecraft:diamond_pickaxe":1},"minecraft:crafted":{"minecraft:oak_planks":52,"minecraft:coal":18,"minecraft:stone":3,"minecraft:cooked_mutton":26,"minecraft:iron_hoe":1,"minecraft:chest":2,"minecraft:stone_hoe":1,"minecraft:smithing_table":1,"minecraft:bucket":1,"minecraft:pumpkin_seeds":4,"minecraft:air":0,"minecraft:shield":2,"minecraft:stick":56,"minecraft:iron_ingot":25,"minecraft:torch":108},"minecraft:killed":{"mca:male_zombie_villager":1,"minecraft:spider":1,"minecraft:skeleton":3,"minecraft:chicken":1,"minecraft:iron_golem":1,"minecraft:wandering_trader":1,"minecraft:creeper":2,"minecraft:sheep":15,"minecraft:trader_llama":2,"minecraft:zombie":7,"minecraft:cow":1}},"DataVersion":3465}