{"stats":{"minecraft:custom":{"minecraft:interact_with_smithing_table":2,"minecraft:mob_kills":85,"minecraft:interact_with_crafting_table":20,"minecraft:leave_game":1,"minecraft:time_since_death":200671,"minecraft:sprint_one_cm":785058,"minecraft:walk_one_cm":682265,"minecraft:damage_blocked_by_shield":3053,"minecraft:drop":59,"minecraft:talked_to_villager":2,"minecraft:play_time":200671,"minecraft:sneak_time":2139,"minecraft:walk_under_water_one_cm":29263,"minecraft:boat_one_cm":26641,"minecraft:interact_with_brewingstand":1,"minecraft:jump":1653,"minecraft:interact_with_blast_furnace":2,"minecraft:walk_on_water_one_cm":8028,"minecraft:total_world_time":200671,"minecraft:interact_with_furnace":8,"minecraft:interact_with_stonecutter":1,"minecraft:sleep_in_bed":6,"minecraft:time_since_rest":81388,"minecraft:damage_taken":2591,"minecraft:damage_dealt":14003,"minecraft:swim_one_cm":50761,"minecraft:fly_one_cm":173258,"minecraft:open_chest":158,"minecraft:crouch_one_cm":2338,"minecraft:fall_one_cm":45229,"minecraft:horse_one_cm":8771},"minecraft:dropped":{"minecraft:iron_ingot":1,"minecraft:bread":31,"minecraft:porkchop":5,"minecraft:carrot":3,"minecraft:deepslate_bricks":2,"minecraft:diamond_sword":1,"minecraft:beetroot_seeds":14,"minecraft:spider_eye":1,"minecraft:beef":30},"minecraft:used":{"minecraft:oak_sign":1,"minecraft:chest":2,"minecraft:shield":40,"minecraft:stone_hoe":85,"minecraft:torch":33,"minecraft:brewing_stand":1,"minecraft:dirt":123,"minecraft:carrot":158,"minecraft:diamond_helmet":1,"minecraft:tuff":5,"minecraft:polished_diorite":8,"minecraft:iron_hoe":2,"minecraft:spruce_button":1,"minecraft:smooth_basalt":2,"minecraft:diamond_chestplate":2,"minecraft:beetroot_seeds":1,"minecraft:egg":1,"minecraft:potato":66,"minecraft:cobbled_deepslate":76,"minecraft:wheat_seeds":35,"minecraft:water_bucket":10,"minecraft:diamond_boots":1,"minecraft:blue_bed":1,"minecraft:sugar_cane":12,"minecraft:deepslate_bricks":3,"minecraft:crafting_table":1,"minecraft:white_bed":1,"minecraft:pumpkin_seeds":3,"minecraft:diamond_pickaxe":344,"minecraft:bread":28,"minecraft:iron_pickaxe":29,"minecraft:iron_door":2,"minecraft:diamond_sword":239,"minecraft:cobblestone":139,"minecraft:smithing_table":1,"minecraft:bucket":11,"minecraft:oak_boat":1,"minecraft:bone_meal":12,"minecraft:diamond_leggings":1},"minecraft:mined":{"minecraft:nether_gold_ore":2,"minecraft:tuff":1,"minecraft:white_bed":2,"minecraft:deepslate_diamond_ore":2,"minecraft:brewing_stand":1,"minecraft:grass_block":12,"minecraft:deepslate_bricks":5,"minecraft:polished_diorite":8,"minecraft:oak_wall_sign":1,"minecraft:hay_block":39,"minecraft:polished_blackstone_bricks":1,"minecraft:carrots":28,"minecraft:fire":5,"minecraft:iron_ore":27,"minecraft:cobbled_deepslate":46,"minecraft:gold_block":2,"minecraft:potatoes":13,"minecraft:deepslate_iron_ore":3,"minecraft:stone":74,"minecraft:deepslate_redstone_ore":70,"minecraft:amethyst_cluster":1,"minecraft:crafting_table":1,"minecraft:torch":4,"minecraft:emerald_ore":2,"minecraft:spruce_wall_sign":2,"minecraft:cobblestone":15,"minecraft:nether_quartz_ore":4,"minecraft:tall_grass":2,"minecraft:deepslate_gold_ore":5,"minecraft:sugar_cane":4,"minecraft:iron_door":2,"minecraft:blue_bed":1,"minecraft:wall_torch":1,"mca:cross_headstone":3,"minecraft:pink_petals":21,"minecraft:wheat":26,"minecraft:grass":62,"minecraft:black_wool":1,"minecraft:oak_log":5,"minecraft:coal_ore":50,"minecraft:beetroots":8,"minecraft:sunflower":2,"minecraft:dirt":7,"minecraft:smooth_basalt":2,"minecraft:netherrack":4,"minecraft:deepslate":39},"minecraft:broken":{"minecraft:shield":1},"minecraft:picked_up":{"minecraft:wooden_axe":1,"minecraft:crafting_table":1,"minecraft:wheat":26,"minecraft:chicken":1,"minecraft:lead":2,"minecraft:diamond_sword":2,"minecraft:gold_block":3,"minecraft:brewing_stand":1,"minecraft:string":4,"minecraft:netherite_ingot":1,"minecraft:oak_sign":2,"minecraft:beetroot":6,"vanillaplustools:stone_shovel":1,"minecraft:diamond_leggings":1,"minecraft:gold_nugget":10,"minecraft:cobbled_deepslate":164,"minecraft:beef":61,"minecraft:oak_boat":1,"minecraft:poppy":6,"minecraft:iron_pickaxe":1,"minecraft:sugar_cane":5,"minecraft:phantom_membrane":1,"minecraft:egg":1,"minecraft:stick":15,"minecraft:spruce_pressure_plate":2,"minecraft:raw_iron":29,"minecraft:torch":7,"minecraft:porkchop":10,"minecraft:polished_blackstone_bricks":1,"minecraft:carrot":107,"minecraft:redstone":307,"minecraft:rotten_flesh":22,"minecraft:arrow":8,"minecraft:diamond_chestplate":1,"minecraft:beetroot_seeds":16,"minecraft:deepslate_bricks":5,"minecraft:diamond_boots":1,"minecraft:hay_block":39,"sophisticatedbackpacks:copper_backpack":1,"minecraft:mutton":24,"minecraft:white_wool":14,"minecraft:cobblestone":208,"minecraft:pink_petals":51,"minecraft:leather_chestplate":1,"minecraft:feather":1,"minecraft:iron_door":2,"minecraft:leather":20,"minecraft:potato":52,"minecraft:tuff":6,"minecraft:oak_log":5,"minecraft:gunpowder":8,"minecraft:blue_bed":1,"minecraft:dirt":73,"minecraft:bone":12,"minecraft:wheat_seeds":88,"minecraft:raw_gold":5,"minecraft:iron_ingot":3,"mca:villager_editor":2,"minecraft:diamond_helmet":1,"mca:wedding_ring_rg":1,"minecraft:smooth_basalt":2,"mca:engagement_ring_rg":1,"minecraft:quartz":4,"minecraft:amethyst_shard":4,"minecraft:white_bed":2,"minecraft:spider_eye":2,"minecraft:diamond":2,"minecraft:polished_diorite":8,"vanillaplustools:stone_hammer":1,"minecraft:cherry_sapling":8,"minecraft:spruce_button":1,"minecraft:spruce_sign":2,"minecraft:bread":65,"minecraft:emerald":2,"minecraft:black_wool":2,"minecraft:netherrack":4,"minecraft:coal":48,"minecraft:sunflower":3,"minecraft:diamond_pickaxe":1},"minecraft:crafted":{"minecraft:oak_planks":72,"minecraft:coal":18,"minecraft:stone":3,"minecraft:bone_meal":12,"minecraft:cooked_mutton":26,"minecraft:iron_hoe":1,"minecraft:chest":2,"minecraft:stone_hoe":1,"minecraft:wheat":90,"minecraft:crafting_table":1,"minecraft:smithing_table":1,"minecraft:bucket":1,"minecraft:pumpkin_seeds":4,"minecraft:bread":30,"minecraft:air":0,"minecraft:oak_boat":1,"minecraft:shield":2,"minecraft:stick":56,"minecraft:iron_ingot":25,"minecraft:torch":108},"minecraft:killed":{"mca:male_zombie_villager":2,"minecraft:spider":2,"minecraft:horse":6,"minecraft:skeleton":7,"minecraft:chicken":1,"minecraft:drowned":1,"minecraft:pig":3,"minecraft:iron_golem":1,"minecraft:wandering_trader":1,"minecraft:creeper":5,"minecraft:sheep":15,"minecraft:trader_llama":2,"minecraft:pillager":3,"minecraft:zombie":18,"minecraft:cow":15}},"DataVersion":3465}