{"stats":{"minecraft:killed":{"minecraft:spider":4,"minecraft:creeper":3,"minecraft:skeleton":4,"minecraft:zombie":10,"minecraft:silverfish":5,"minecraft:cow":1},"minecraft:mined":{"minecraft:infested_deepslate":2,"minecraft:deepslate_redstone_ore":20,"minecraft:tuff":292,"minecraft:red_carpet":2,"minecraft:spruce_planks":15,"minecraft:deepslate_diamond_ore":15,"minecraft:cobblestone_stairs":6,"minecraft:amethyst_cluster":10,"minecraft:torch":22,"minecraft:cornflower":1,"minecraft:ladder":31,"minecraft:granite":92,"minecraft:grass_block":1,"minecraft:calcite":27,"minecraft:poppy":1,"minecraft:spruce_wall_sign":1,"minecraft:diorite":46,"minecraft:copper_ore":4,"minecraft:cobblestone":25,"minecraft:oak_wall_sign":2,"minecraft:spruce_sign":1,"minecraft:wall_torch":6,"minecraft:iron_ore":33,"minecraft:wheat":9,"minecraft:cobbled_deepslate":62,"minecraft:andesite":297,"minecraft:potatoes":10,"minecraft:grass":1,"minecraft:coal_ore":57,"minecraft:deepslate_iron_ore":2,"minecraft:gravel":81,"minecraft:dirt":74,"minecraft:smooth_basalt":44,"minecraft:stone":1102,"minecraft:deepslate":2743,"minecraft:infested_stone":2},"minecraft:broken":{"vanillaplustools:stone_hammer":2},"minecraft:crafted":{"minecraft:diamond_sword":1,"vanillaplustools:stone_hammer":5,"minecraft:crafting_table":1,"minecraft:spruce_planks":64,"minecraft:iron_helmet":1,"minecraft:cobblestone_stairs":16,"minecraft:bucket":1,"minecraft:air":0,"minecraft:iron_boots":1,"minecraft:iron_chestplate":1,"minecraft:stick":100,"minecraft:iron_ingot":8,"minecraft:iron_pickaxe":5,"minecraft:stone_pickaxe":36,"minecraft:iron_leggings":1,"minecraft:chest":1,"minecraft:iron_shovel":1,"minecraft:torch":56},"minecraft:custom":{"minecraft:interact_with_furnace":12,"minecraft:mob_kills":27,"minecraft:animals_bred":2,"minecraft:interact_with_crafting_table":55,"minecraft:fill_cauldron":1,"minecraft:sleep_in_bed":1,"minecraft:leave_game":1,"minecraft:time_since_death":223522,"minecraft:climb_one_cm":43863,"minecraft:time_since_rest":77202,"minecraft:sprint_one_cm":332545,"minecraft:damage_taken":1179,"minecraft:walk_one_cm":610177,"minecraft:drop":19,"minecraft:damage_dealt":5230,"minecraft:damage_dealt_absorbed":80,"minecraft:swim_one_cm":93515,"minecraft:fly_one_cm":136667,"minecraft:open_chest":72,"minecraft:crouch_one_cm":6487,"minecraft:play_time":223522,"minecraft:sneak_time":2596,"minecraft:walk_under_water_one_cm":30792,"minecraft:jump":938,"minecraft:interact_with_blast_furnace":19,"minecraft:walk_on_water_one_cm":6860,"minecraft:interact_with_smoker":5,"minecraft:total_world_time":223522,"minecraft:fall_one_cm":16205,"minecraft:use_cauldron":2},"minecraft:dropped":{"minecraft:gravel":11,"minecraft:raw_copper":10,"minecraft:cobblestone":30,"mca:family_tree":1,"minecraft:coal":3,"minecraft:red_carpet":3,"cave_dweller:cave_dweller_spawn_egg":1},"minecraft:picked_up":{"sophisticatedbackpacks:gold_backpack":1,"minecraft:wheat":9,"minecraft:ladder":34,"minecraft:golden_carrot":17,"minecraft:andesite":244,"minecraft:leather":1,"mca:family_tree":1,"minecraft:diamond_sword":1,"minecraft:potato":36,"minecraft:flint":7,"minecraft:tuff":287,"minecraft:gunpowder":3,"minecraft:cobblestone_stairs":6,"minecraft:string":3,"minecraft:cornflower":1,"minecraft:dirt":89,"minecraft:raw_copper":18,"minecraft:iron_axe":1,"simpleradio:transceiver":1,"minecraft:red_carpet":6,"minecraft:bone":3,"minecraft:oak_sign":4,"mca:whistle":1,"minecraft:diamond_leggings":1,"minecraft:wheat_seeds":26,"minecraft:cobbled_deepslate":3118,"minecraft:spruce_planks":15,"minecraft:beef":1,"minecraft:iron_ingot":74,"mca:villager_editor":1,"minecraft:calcite":27,"minecraft:poppy":8,"minecraft:iron_pickaxe":1,"minecraft:diamond_helmet":1,"mca:wedding_ring_rg":1,"minecraft:raw_iron":35,"minecraft:smooth_basalt":27,"mca:engagement_ring_rg":1,"minecraft:torch":35,"minecraft:spyglass":1,"minecraft:gravel":97,"minecraft:amethyst_shard":40,"minecraft:diorite":46,"minecraft:redstone":75,"minecraft:spider_eye":1,"minecraft:iron_hoe":1,"minecraft:arrow":5,"minecraft:rotten_flesh":9,"minecraft:diamond_chestplate":1,"minecraft:diamond":43,"minecraft:diamond_boots":1,"minecraft:granite":72,"minecraft:spruce_sign":2,"minecraft:gold_ingot":32,"minecraft:bread":64,"sophisticatedbackpacks:copper_backpack":1,"minecraft:coal":57,"minecraft:cobblestone":1090},"minecraft:used":{"minecraft:calcite":1,"minecraft:wheat_seeds":59,"minecraft:water_bucket":7,"minecraft:diamond_boots":1,"minecraft:cobblestone_stairs":20,"minecraft:iron_shovel":127,"minecraft:ladder":31,"minecraft:spruce_planks":17,"minecraft:chest":1,"vanillaplustools:stone_hammer":497,"minecraft:torch":89,"minecraft:dirt":144,"minecraft:spyglass":47,"minecraft:crafting_table":1,"minecraft:diamond_helmet":1,"minecraft:tuff":8,"minecraft:granite":6,"minecraft:axolotl_bucket":1,"minecraft:iron_hoe":80,"minecraft:iron_axe":59,"minecraft:bread":32,"minecraft:iron_pickaxe":643,"minecraft:gravel":1,"minecraft:diamond_chestplate":1,"minecraft:diamond_sword":61,"minecraft:red_carpet":3,"minecraft:cobblestone":120,"minecraft:andesite":105,"minecraft:bucket":9,"minecraft:potato":40,"minecraft:cobbled_deepslate":238,"minecraft:diamond_leggings":1}},"DataVersion":3465}