{"stats":{"minecraft:killed":{"minecraft:spider":4,"minecraft:skeleton":4,"minecraft:silverfish":5,"minecraft:creeper":3,"minecraft:zombie":10,"cave_dweller:cave_dweller":2,"minecraft:cow":1},"minecraft:mined":{"minecraft:infested_deepslate":2,"minecraft:red_carpet":2,"minecraft:tuff":292,"minecraft:spruce_planks":15,"minecraft:deepslate_diamond_ore":15,"minecraft:cobblestone_stairs":6,"minecraft:ladder":178,"minecraft:granite":92,"minecraft:grass_block":1,"minecraft:oak_wall_sign":5,"minecraft:iron_ore":33,"minecraft:cobbled_deepslate":62,"minecraft:andesite":297,"minecraft:potatoes":10,"minecraft:deepslate_iron_ore":2,"minecraft:stone":1102,"minecraft:deepslate_redstone_ore":20,"minecraft:amethyst_cluster":10,"minecraft:cornflower":1,"minecraft:torch":22,"minecraft:calcite":27,"minecraft:poppy":2,"minecraft:spruce_wall_sign":1,"minecraft:copper_ore":4,"minecraft:cobblestone":25,"minecraft:diorite":46,"minecraft:wall_torch":6,"minecraft:spruce_sign":1,"minecraft:wheat":10,"minecraft:grass":1,"minecraft:coal_ore":57,"minecraft:gravel":81,"minecraft:dirt":74,"minecraft:smooth_basalt":44,"minecraft:deepslate":2743,"minecraft:infested_stone":2},"minecraft:broken":{"vanillaplustools:stone_hammer":2},"minecraft:crafted":{"vanillaplustools:stone_hammer":5,"minecraft:furnace":1,"minecraft:cobblestone_stairs":16,"sophisticatedbackpacks:crafting_upgrade":1,"minecraft:iron_boots":1,"minecraft:stone_pickaxe":36,"minecraft:chest":2,"minecraft:diamond_sword":1,"minecraft:crafting_table":2,"minecraft:spruce_planks":76,"minecraft:iron_helmet":1,"minecraft:bucket":1,"sophisticatedbackpacks:upgrade_base":1,"minecraft:air":0,"minecraft:iron_chestplate":1,"minecraft:stick":100,"minecraft:iron_ingot":10,"minecraft:iron_pickaxe":5,"minecraft:iron_shovel":1,"minecraft:iron_leggings":1,"minecraft:torch":56},"minecraft:custom":{"minecraft:mob_kills":29,"minecraft:animals_bred":5,"minecraft:interact_with_crafting_table":63,"minecraft:fill_cauldron":1,"minecraft:leave_game":2,"minecraft:time_since_death":259321,"minecraft:climb_one_cm":43863,"minecraft:sprint_one_cm":400378,"minecraft:walk_one_cm":667306,"minecraft:drop":31,"minecraft:damage_dealt_absorbed":80,"minecraft:play_time":259321,"minecraft:sneak_time":2888,"minecraft:walk_under_water_one_cm":31609,"minecraft:jump":1061,"minecraft:interact_with_blast_furnace":24,"minecraft:walk_on_water_one_cm":7102,"minecraft:total_world_time":259321,"minecraft:interact_with_furnace":13,"minecraft:sleep_in_bed":1,"minecraft:time_since_rest":113001,"minecraft:damage_taken":1189,"minecraft:damage_dealt":6430,"minecraft:fly_one_cm":164109,"minecraft:swim_one_cm":120943,"minecraft:open_chest":85,"minecraft:crouch_one_cm":6584,"minecraft:interact_with_smoker":5,"minecraft:use_cauldron":2,"minecraft:fall_one_cm":17800,"minecraft:horse_one_cm":16},"minecraft:dropped":{"minecraft:bread":65,"minecraft:diamond_leggings":1,"minecraft:cobblestone":30,"mca:family_tree":1,"minecraft:coal":3,"minecraft:red_carpet":3,"minecraft:diamond_helmet":1,"minecraft:iron_pickaxe":1,"minecraft:gravel":11,"minecraft:raw_copper":10,"minecraft:oak_sign":1,"minecraft:diamond_sword":1,"mca:villager_editor":2,"minecraft:diamond_chestplate":1,"minecraft:diamond_pickaxe":1,"cave_dweller:cave_dweller_spawn_egg":1,"minecraft:diamond_boots":1},"minecraft:used":{"minecraft:iron_shovel":127,"minecraft:ladder":31,"minecraft:oak_sign":1,"minecraft:spruce_planks":17,"minecraft:chest":1,"minecraft:stone":14,"vanillaplustools:stone_hammer":497,"minecraft:torch":90,"minecraft:dirt":144,"minecraft:spyglass":48,"minecraft:diamond_helmet":1,"minecraft:tuff":8,"minecraft:granite":6,"minecraft:axolotl_bucket":1,"minecraft:iron_hoe":80,"minecraft:iron_axe":211,"minecraft:diamond_chestplate":1,"minecraft:red_carpet":3,"minecraft:potato":40,"minecraft:cobbled_deepslate":238,"minecraft:calcite":1,"minecraft:wheat_seeds":59,"minecraft:water_bucket":7,"minecraft:diamond_boots":1,"minecraft:cobblestone_stairs":22,"cave_dweller:cave_dweller_spawn_egg":3,"minecraft:crafting_table":1,"minecraft:bread":35,"minecraft:iron_pickaxe":643,"minecraft:gravel":1,"minecraft:diamond_sword":73,"minecraft:cobblestone":120,"minecraft:bucket":9,"minecraft:andesite":105,"minecraft:diamond_leggings":1},"minecraft:picked_up":{"sophisticatedbackpacks:gold_backpack":1,"minecraft:wheat":10,"minecraft:ladder":181,"minecraft:diamond_sword":1,"minecraft:cornflower":1,"minecraft:string":3,"minecraft:raw_copper":18,"minecraft:iron_axe":1,"simpleradio:transceiver":1,"minecraft:oak_sign":8,"minecraft:diamond_leggings":1,"minecraft:cobbled_deepslate":3118,"minecraft:spruce_planks":15,"minecraft:beef":1,"minecraft:calcite":27,"minecraft:poppy":9,"minecraft:iron_pickaxe":1,"minecraft:raw_iron":35,"minecraft:torch":35,"minecraft:diorite":46,"minecraft:redstone":75,"minecraft:diamond_chestplate":1,"minecraft:rotten_flesh":9,"minecraft:arrow":5,"minecraft:diamond_boots":1,"minecraft:gold_ingot":32,"sophisticatedbackpacks:copper_backpack":1,"minecraft:cobblestone":1090,"minecraft:golden_carrot":17,"minecraft:andesite":244,"minecraft:leather":1,"mca:family_tree":1,"minecraft:potato":36,"minecraft:flint":7,"minecraft:tuff":287,"minecraft:gunpowder":3,"minecraft:cobblestone_stairs":6,"minecraft:dirt":89,"minecraft:red_carpet":6,"minecraft:bone":3,"mca:whistle":1,"minecraft:wheat_seeds":29,"minecraft:iron_ingot":74,"mca:villager_editor":1,"minecraft:diamond_helmet":1,"mca:wedding_ring_rg":1,"minecraft:smooth_basalt":27,"mca:engagement_ring_rg":1,"minecraft:spyglass":1,"minecraft:gravel":97,"minecraft:amethyst_shard":40,"minecraft:spider_eye":1,"minecraft:iron_hoe":1,"minecraft:diamond":43,"minecraft:granite":72,"minecraft:spruce_sign":2,"minecraft:bread":64,"minecraft:coal":57}},"DataVersion":3465}