{"stats":{"minecraft:picked_up":{"minecraft:wheat":127,"minecraft:lead":1,"minecraft:diamond_sword":3,"minecraft:enchanted_book":1,"cave_dweller:cave_dweller_spawn_egg":2,"minecraft:string":35,"minecraft:raw_copper":18,"minecraft:pufferfish":3,"minecraft:oak_sign":9,"minecraft:diamond_leggings":3,"minecraft:cobbled_deepslate":3315,"minecraft:spruce_planks":60,"minecraft:calcite":27,"minecraft:iron_pickaxe":5,"minecraft:furnace":1,"minecraft:dark_oak_door":2,"minecraft:spruce_pressure_plate":5,"minecraft:stick":30,"minecraft:torch":87,"minecraft:cherry_log":18,"minecraft:diorite":46,"minecraft:golden_chestplate":1,"minecraft:rotten_flesh":17,"minecraft:netherite_chestplate":1,"minecraft:obsidian":1,"minecraft:cod":6,"minecraft:cobblestone":1532,"minecraft:pink_petals":37,"minecraft:feather":2,"minecraft:cooked_beef":7,"minecraft:iron_door":1,"minecraft:water_bucket":1,"minecraft:andesite":252,"minecraft:potato":555,"minecraft:flint":8,"minecraft:tuff":287,"minecraft:dirt":446,"minecraft:lapis_lazuli":65,"minecraft:glass":10,"minecraft:bone":13,"minecraft:bow":2,"mca:whistle":1,"minecraft:wheat_seeds":347,"minecraft:raw_gold":2,"minecraft:diamond_helmet":3,"minecraft:powered_rail":2,"mca:wedding_ring_rg":1,"minecraft:cooked_porkchop":18,"minecraft:axolotl_bucket":1,"minecraft:sand":8,"minecraft:ink_sac":4,"minecraft:iron_hoe":2,"minecraft:sugar":2,"minecraft:diamond":45,"minecraft:spruce_boat":1,"minecraft:lever":6,"minecraft:granite":76,"minecraft:bone_meal":1,"minecraft:spruce_sign":11,"minecraft:spruce_button":24,"minecraft:bread":79,"minecraft:netherrack":90,"minecraft:diamond_pickaxe":1,"sophisticatedbackpacks:gold_backpack":2,"minecraft:crafting_table":2,"minecraft:chicken":3,"minecraft:ladder":181,"minecraft:clay_ball":8,"minecraft:chest_minecart":2,"minecraft:shield":2,"minecraft:cornflower":1,"minecraft:iron_axe":2,"minecraft:flint_and_steel":1,"simpleradio:transceiver":1,"minecraft:iron_shovel":1,"minecraft:beef":4,"minecraft:poppy":21,"minecraft:sugar_cane":12,"minecraft:chest":3,"minecraft:phantom_membrane":3,"minecraft:egg":1,"minecraft:raw_iron":88,"minecraft:polished_blackstone_bricks":2,"minecraft:carrot":1,"minecraft:redstone":75,"minecraft:arrow":18,"minecraft:diamond_chestplate":2,"minecraft:diamond_boots":3,"minecraft:deepslate_bricks":6,"minecraft:gold_ingot":32,"sophisticatedbackpacks:copper_backpack":1,"minecraft:mutton":1,"minecraft:white_wool":5,"minecraft:rail":6,"minecraft:golden_carrot":17,"minecraft:salmon":21,"minecraft:leather":14,"mca:family_tree":1,"minecraft:red_mushroom":1,"minecraft:cobbled_deepslate_stairs":9,"minecraft:gunpowder":5,"minecraft:cobblestone_stairs":6,"minecraft:cooked_mutton":3,"minecraft:red_carpet":6,"minecraft:iron_ingot":107,"mca:villager_editor":2,"minecraft:soul_sand":2,"minecraft:smooth_basalt":27,"mca:engagement_ring_rg":1,"minecraft:spyglass":2,"minecraft:gravel":100,"minecraft:amethyst_shard":40,"minecraft:spruce_sapling":25,"minecraft:blast_furnace":1,"minecraft:white_bed":1,"minecraft:spruce_log":179,"minecraft:spider_eye":6,"minecraft:polished_diorite":1,"vanillaplustools:stone_hammer":1,"minecraft:cherry_sapling":2,"minecraft:baked_potato":5,"minecraft:black_wool":1,"minecraft:coal":149},"minecraft:crafted":{"minecraft:brick":3,"minecraft:cobblestone_slab":6,"minecraft:cobblestone_stairs":16,"minecraft:lever":1,"sophisticatedbackpacks:crafting_upgrade":1,"minecraft:spruce_pressure_plate":2,"sophisticatedbackpacks:smelting_upgrade":1,"vanillaplustools:iron_hammer":1,"minecraft:bow":1,"minecraft:iron_boots":1,"minecraft:chest":2,"minecraft:flower_pot":1,"minecraft:crafting_table":2,"minecraft:spruce_planks":204,"minecraft:baked_potato":221,"minecraft:iron_helmet":1,"sophisticatedbackpacks:upgrade_base":2,"minecraft:iron_chestplate":1,"minecraft:diamond_pickaxe":1,"minecraft:shield":1,"minecraft:stick":136,"minecraft:iron_ingot":38,"minecraft:iron_pickaxe":5,"minecraft:iron_block":3,"minecraft:fishing_rod":1,"vanillaplustools:stone_hammer":5,"minecraft:furnace":1,"minecraft:spruce_fence":6,"minecraft:polished_diorite":12,"minecraft:stone_pickaxe":36,"minecraft:cobbled_deepslate_stairs":128,"minecraft:diamond_sword":1,"minecraft:spruce_sign":6,"minecraft:blue_bed":1,"minecraft:bucket":1,"minecraft:air":0,"minecraft:blue_dye":1,"minecraft:iron_shovel":2,"minecraft:iron_leggings":1,"minecraft:anvil":1,"minecraft:torch":92,"minecraft:diamond_chestplate":1},"minecraft:used":{"minecraft:cherry_sapling":1,"minecraft:iron_shovel":368,"minecraft:poppy":3,"minecraft:ladder":31,"minecraft:oak_sign":1,"minecraft:chest":3,"minecraft:shield":14,"minecraft:stone":14,"minecraft:soul_sand":2,"minecraft:mutton":1,"minecraft:tuff":8,"minecraft:axolotl_bucket":5,"minecraft:obsidian":1,"minecraft:spruce_boat":2,"minecraft:lava_bucket":27,"minecraft:red_carpet":3,"minecraft:bow":3,"minecraft:furnace":4,"minecraft:egg":1,"minecraft:potato":242,"minecraft:diamond_boots":1,"minecraft:blue_bed":1,"minecraft:white_wool":1,"minecraft:sand":4,"minecraft:cobbled_deepslate_stairs":102,"minecraft:lever":6,"minecraft:bread":65,"minecraft:iron_door":1,"minecraft:gravel":1,"minecraft:diamond_sword":233,"minecraft:andesite":236,"minecraft:spruce_planks":68,"vanillaplustools:stone_hammer":522,"minecraft:netherrack":47,"minecraft:cooked_chicken":1,"minecraft:torch":132,"minecraft:dirt":294,"minecraft:spyglass":64,"minecraft:anvil":1,"minecraft:spruce_stairs":8,"minecraft:diamond_helmet":2,"minecraft:spruce_fence":21,"minecraft:granite":6,"minecraft:polished_diorite":21,"minecraft:iron_hoe":81,"minecraft:iron_axe":426,"minecraft:spruce_button":3,"minecraft:diamond_chestplate":2,"minecraft:cobbled_deepslate":238,"minecraft:calcite":1,"minecraft:wheat_seeds":129,"minecraft:water_bucket":7,"minecraft:cobblestone_stairs":22,"cave_dweller:cave_dweller_spawn_egg":4,"minecraft:baked_potato":42,"minecraft:spruce_sign":1,"minecraft:deepslate_bricks":4,"minecraft:polished_blackstone_bricks":2,"minecraft:crafting_table":3,"minecraft:spruce_log":36,"minecraft:dark_oak_door":2,"minecraft:flower_pot":1,"minecraft:diamond_pickaxe":67,"minecraft:black_wool":1,"minecraft:iron_pickaxe":661,"minecraft:spruce_pressure_plate":7,"minecraft:pink_petals":4,"minecraft:fishing_rod":17,"minecraft:cobblestone":242,"vanillaplustools:iron_hammer":29,"minecraft:bucket":41,"minecraft:diamond_leggings":1},"minecraft:broken":{"minecraft:iron_shovel":1,"vanillaplustools:stone_hammer":3,"minecraft:iron_axe":1},"minecraft:mined":{"minecraft:spruce_planks":19,"minecraft:white_bed":1,"minecraft:cobbled_deepslate_stairs":9,"minecraft:cobblestone_stairs":6,"minecraft:cherry_log":18,"minecraft:obsidian":1,"minecraft:granite":95,"minecraft:grass_block":164,"minecraft:deepslate_bricks":2,"minecraft:polished_diorite":1,"minecraft:oak_wall_sign":5,"minecraft:tall_seagrass":2,"minecraft:iron_ore":51,"minecraft:cobbled_deepslate":89,"minecraft:fire":12,"minecraft:deepslate_lapis_ore":3,"minecraft:spruce_pressure_plate":4,"minecraft:deepslate_redstone_ore":20,"minecraft:amethyst_cluster":10,"minecraft:clay":2,"minecraft:torch":24,"minecraft:blast_furnace":1,"minecraft:calcite":27,"minecraft:poppy":13,"minecraft:chest":1,"minecraft:spruce_wall_sign":5,"minecraft:cobblestone":48,"minecraft:wall_torch":12,"minecraft:spruce_sign":1,"minecraft:pink_petals":12,"minecraft:dark_oak_door":2,"minecraft:wheat":129,"minecraft:grass":156,"minecraft:sand":8,"minecraft:dirt":163,"minecraft:smooth_basalt":44,"minecraft:netherrack":82,"minecraft:deepslate":2903,"minecraft:infested_deepslate":7,"minecraft:red_carpet":2,"minecraft:tuff":292,"minecraft:deepslate_diamond_ore":15,"minecraft:lever":4,"minecraft:ladder":178,"minecraft:furnace":1,"minecraft:andesite":305,"minecraft:potatoes":161,"minecraft:deepslate_iron_ore":4,"minecraft:stone":1200,"minecraft:soul_sand":1,"minecraft:crafting_table":3,"minecraft:cornflower":1,"minecraft:spruce_button":2,"minecraft:tall_grass":39,"minecraft:copper_ore":4,"minecraft:lapis_ore":6,"minecraft:diorite":46,"minecraft:spruce_log":179,"minecraft:coal_ore":83,"minecraft:cherry_leaves":12,"minecraft:gravel":82,"minecraft:cobweb":24,"minecraft:infested_stone":2},"minecraft:dropped":{"minecraft:cooked_beef":7,"minecraft:baked_potato":8,"minecraft:diamond":2,"minecraft:crafting_table":1,"minecraft:cooked_porkchop":18,"minecraft:rail":6,"minecraft:red_carpet":3,"minecraft:iron_pickaxe":2,"minecraft:gravel":11,"minecraft:sugar_cane":12,"minecraft:cobbled_deepslate":1,"mca:villager_editor":3,"cave_dweller:cave_dweller_spawn_egg":3,"minecraft:water_bucket":1,"minecraft:bread":65,"minecraft:wheat_seeds":1,"minecraft:diamond_leggings":2,"minecraft:cobblestone":30,"minecraft:lead":1,"minecraft:spruce_button":21,"mca:family_tree":1,"minecraft:coal":3,"minecraft:torch":18,"minecraft:diamond_helmet":2,"minecraft:raw_copper":10,"minecraft:chicken":1,"minecraft:oak_sign":2,"minecraft:diamond_sword":2,"minecraft:potato":12,"minecraft:shield":1,"minecraft:diamond_chestplate":2,"minecraft:diamond_pickaxe":2,"minecraft:diamond_boots":2,"sophisticatedbackpacks:copper_backpack":1},"minecraft:custom":{"minecraft:animals_bred":17,"minecraft:interact_with_crafting_table":87,"minecraft:leave_game":4,"minecraft:time_since_death":197115,"minecraft:sprint_one_cm":1341960,"minecraft:damage_blocked_by_shield":940,"minecraft:drop":86,"minecraft:talked_to_villager":3,"minecraft:play_time":526625,"minecraft:deaths":1,"minecraft:jump":4294,"minecraft:interact_with_brewingstand":1,"minecraft:walk_on_water_one_cm":21857,"minecraft:interact_with_furnace":65,"minecraft:sleep_in_bed":8,"minecraft:damage_dealt":14308,"minecraft:crouch_one_cm":61043,"minecraft:interact_with_smoker":19,"minecraft:use_cauldron":3,"minecraft:horse_one_cm":16,"minecraft:interact_with_smithing_table":3,"minecraft:mob_kills":92,"minecraft:interact_with_anvil":3,"minecraft:fill_cauldron":1,"minecraft:damage_dealt_resisted":40,"minecraft:climb_one_cm":45828,"minecraft:walk_one_cm":1484493,"minecraft:damage_dealt_absorbed":80,"minecraft:sneak_time":15843,"minecraft:walk_under_water_one_cm":83656,"minecraft:boat_one_cm":77,"minecraft:interact_with_blast_furnace":38,"minecraft:total_world_time":526625,"minecraft:pot_flower":1,"minecraft:time_since_rest":995,"minecraft:damage_taken":3675,"minecraft:swim_one_cm":303824,"minecraft:fly_one_cm":676001,"minecraft:open_chest":163,"minecraft:fish_caught":10,"minecraft:fall_one_cm":84053},"minecraft:killed":{"minecraft:witch":1,"minecraft:spider":9,"minecraft:skeleton":12,"minecraft:chicken":3,"minecraft:silverfish":8,"minecraft:salmon":20,"minecraft:creeper":4,"minecraft:sheep":1,"minecraft:zombie":21,"cave_dweller:cave_dweller":2,"minecraft:cow":2,"mca:female_zombie_villager":1,"minecraft:phantom":7}},"DataVersion":3465}