{"stats":{"minecraft:custom":{"minecraft:mob_kills":46,"minecraft:animals_bred":17,"minecraft:interact_with_crafting_table":76,"minecraft:fill_cauldron":1,"minecraft:leave_game":3,"minecraft:time_since_death":90952,"minecraft:climb_one_cm":43863,"minecraft:sprint_one_cm":1069824,"minecraft:walk_one_cm":1156883,"minecraft:drop":56,"minecraft:damage_dealt_absorbed":80,"minecraft:talked_to_villager":3,"minecraft:play_time":420462,"minecraft:deaths":1,"minecraft:sneak_time":10982,"minecraft:walk_under_water_one_cm":38675,"minecraft:jump":2793,"minecraft:interact_with_blast_furnace":37,"minecraft:walk_on_water_one_cm":14724,"minecraft:total_world_time":420462,"minecraft:interact_with_furnace":29,"minecraft:sleep_in_bed":7,"minecraft:time_since_rest":45388,"minecraft:damage_taken":1976,"minecraft:damage_dealt":8891,"minecraft:swim_one_cm":230836,"minecraft:fly_one_cm":485961,"minecraft:open_chest":126,"minecraft:crouch_one_cm":44653,"minecraft:interact_with_smoker":9,"minecraft:use_cauldron":3,"minecraft:fall_one_cm":45241,"minecraft:horse_one_cm":16},"minecraft:dropped":{"minecraft:bread":65,"minecraft:crafting_table":1,"minecraft:diamond_leggings":1,"minecraft:cobblestone":30,"minecraft:spruce_button":21,"mca:family_tree":1,"minecraft:coal":3,"minecraft:red_carpet":3,"minecraft:diamond_helmet":1,"minecraft:iron_pickaxe":1,"minecraft:gravel":11,"minecraft:raw_copper":10,"minecraft:chicken":1,"minecraft:oak_sign":2,"minecraft:diamond_sword":1,"mca:villager_editor":2,"minecraft:diamond_chestplate":1,"minecraft:diamond_pickaxe":1,"cave_dweller:cave_dweller_spawn_egg":1,"minecraft:diamond_boots":1,"sophisticatedbackpacks:copper_backpack":1},"minecraft:used":{"minecraft:iron_shovel":316,"minecraft:ladder":31,"minecraft:poppy":3,"minecraft:oak_sign":1,"minecraft:chest":2,"minecraft:spruce_planks":68,"minecraft:stone":14,"vanillaplustools:stone_hammer":521,"minecraft:cooked_chicken":1,"minecraft:netherrack":47,"minecraft:torch":101,"minecraft:soul_sand":1,"minecraft:dirt":251,"minecraft:spyglass":62,"minecraft:spruce_stairs":8,"minecraft:diamond_helmet":2,"minecraft:spruce_fence":21,"minecraft:tuff":8,"minecraft:granite":6,"minecraft:axolotl_bucket":4,"minecraft:obsidian":1,"minecraft:polished_diorite":21,"minecraft:iron_hoe":80,"minecraft:lava_bucket":27,"minecraft:iron_axe":401,"minecraft:spruce_button":3,"minecraft:diamond_chestplate":2,"minecraft:red_carpet":3,"minecraft:furnace":1,"minecraft:egg":1,"minecraft:potato":158,"minecraft:cobbled_deepslate":238,"minecraft:calcite":1,"minecraft:wheat_seeds":129,"minecraft:water_bucket":7,"minecraft:diamond_boots":1,"minecraft:cobblestone_stairs":22,"cave_dweller:cave_dweller_spawn_egg":3,"minecraft:baked_potato":3,"minecraft:spruce_sign":1,"minecraft:blue_bed":1,"minecraft:deepslate_bricks":4,"minecraft:polished_blackstone_bricks":2,"minecraft:sand":4,"minecraft:crafting_table":1,"minecraft:spruce_log":36,"minecraft:lever":5,"minecraft:diamond_pickaxe":6,"minecraft:black_wool":1,"minecraft:bread":64,"minecraft:iron_pickaxe":660,"minecraft:spruce_pressure_plate":7,"minecraft:iron_door":1,"minecraft:gravel":1,"minecraft:diamond_sword":114,"minecraft:cobblestone":167,"vanillaplustools:iron_hammer":25,"minecraft:andesite":107,"minecraft:bucket":40,"minecraft:diamond_leggings":1},"minecraft:mined":{"minecraft:infested_deepslate":7,"minecraft:red_carpet":2,"minecraft:tuff":292,"minecraft:spruce_planks":19,"minecraft:white_bed":1,"minecraft:deepslate_diamond_ore":15,"minecraft:cobblestone_stairs":6,"minecraft:obsidian":1,"minecraft:lever":4,"minecraft:ladder":178,"minecraft:granite":92,"minecraft:grass_block":135,"minecraft:deepslate_bricks":2,"minecraft:polished_diorite":1,"minecraft:oak_wall_sign":5,"minecraft:furnace":1,"minecraft:fire":7,"minecraft:iron_ore":33,"minecraft:cobbled_deepslate":89,"minecraft:andesite":299,"minecraft:potatoes":78,"minecraft:deepslate_iron_ore":4,"minecraft:spruce_pressure_plate":4,"minecraft:stone":1155,"minecraft:deepslate_redstone_ore":20,"minecraft:soul_sand":1,"minecraft:amethyst_cluster":10,"minecraft:crafting_table":2,"minecraft:cornflower":1,"minecraft:torch":23,"minecraft:spruce_button":2,"minecraft:calcite":27,"minecraft:poppy":11,"minecraft:chest":1,"minecraft:spruce_wall_sign":3,"minecraft:tall_grass":19,"minecraft:copper_ore":4,"minecraft:cobblestone":42,"minecraft:diorite":46,"minecraft:wall_torch":10,"minecraft:spruce_sign":1,"minecraft:wheat":129,"minecraft:spruce_log":179,"minecraft:grass":117,"minecraft:coal_ore":75,"minecraft:gravel":82,"minecraft:sand":8,"minecraft:dirt":142,"minecraft:smooth_basalt":44,"minecraft:netherrack":82,"minecraft:deepslate":2903,"minecraft:infested_stone":2},"minecraft:broken":{"minecraft:iron_shovel":1,"vanillaplustools:stone_hammer":2,"minecraft:iron_axe":1},"minecraft:picked_up":{"sophisticatedbackpacks:gold_backpack":2,"minecraft:crafting_table":1,"minecraft:wheat":127,"minecraft:chicken":2,"minecraft:ladder":181,"minecraft:diamond_sword":2,"minecraft:enchanted_book":1,"minecraft:shield":1,"minecraft:cornflower":1,"minecraft:string":9,"minecraft:raw_copper":18,"minecraft:iron_axe":2,"simpleradio:transceiver":1,"minecraft:iron_shovel":1,"minecraft:oak_sign":9,"minecraft:diamond_leggings":2,"minecraft:cobbled_deepslate":3295,"minecraft:spruce_planks":20,"minecraft:beef":4,"minecraft:calcite":27,"minecraft:poppy":18,"minecraft:iron_pickaxe":2,"minecraft:chest":1,"minecraft:phantom_membrane":1,"minecraft:furnace":1,"minecraft:egg":1,"minecraft:stick":29,"minecraft:spruce_pressure_plate":5,"minecraft:raw_iron":35,"minecraft:torch":80,"minecraft:polished_blackstone_bricks":2,"minecraft:diorite":46,"minecraft:carrot":1,"minecraft:redstone":75,"minecraft:diamond_chestplate":2,"minecraft:arrow":11,"minecraft:rotten_flesh":11,"minecraft:diamond_boots":2,"minecraft:deepslate_bricks":6,"minecraft:gold_ingot":32,"sophisticatedbackpacks:copper_backpack":1,"minecraft:obsidian":1,"minecraft:cobblestone":1482,"minecraft:feather":2,"minecraft:golden_carrot":17,"minecraft:iron_door":1,"minecraft:andesite":246,"minecraft:leather":3,"mca:family_tree":1,"minecraft:red_mushroom":1,"minecraft:potato":257,"minecraft:flint":7,"minecraft:tuff":287,"minecraft:gunpowder":5,"minecraft:cobblestone_stairs":6,"minecraft:dirt":395,"minecraft:bone":5,"minecraft:red_carpet":6,"minecraft:wheat_seeds":337,"mca:whistle":1,"minecraft:iron_ingot":74,"mca:villager_editor":1,"minecraft:diamond_helmet":2,"minecraft:soul_sand":2,"mca:wedding_ring_rg":1,"minecraft:smooth_basalt":27,"mca:engagement_ring_rg":1,"minecraft:axolotl_bucket":1,"minecraft:spyglass":2,"minecraft:gravel":98,"minecraft:sand":8,"minecraft:amethyst_shard":40,"minecraft:spruce_sapling":25,"minecraft:ink_sac":3,"minecraft:white_bed":1,"minecraft:spruce_log":179,"minecraft:spider_eye":6,"minecraft:iron_hoe":2,"minecraft:diamond":43,"minecraft:polished_diorite":1,"minecraft:lever":6,"vanillaplustools:stone_hammer":1,"minecraft:granite":72,"minecraft:spruce_sign":4,"minecraft:spruce_button":24,"minecraft:bread":79,"minecraft:netherrack":90,"minecraft:black_wool":1,"minecraft:coal":119},"minecraft:crafted":{"minecraft:cobblestone_slab":6,"vanillaplustools:stone_hammer":5,"minecraft:furnace":1,"minecraft:cobblestone_stairs":16,"minecraft:lever":1,"sophisticatedbackpacks:crafting_upgrade":1,"minecraft:spruce_fence":6,"minecraft:spruce_pressure_plate":2,"sophisticatedbackpacks:smelting_upgrade":1,"vanillaplustools:iron_hammer":1,"minecraft:iron_boots":1,"minecraft:polished_diorite":12,"minecraft:stone_pickaxe":36,"minecraft:chest":2,"minecraft:diamond_sword":1,"minecraft:spruce_sign":6,"minecraft:crafting_table":2,"minecraft:spruce_planks":204,"minecraft:baked_potato":61,"minecraft:iron_helmet":1,"minecraft:blue_bed":1,"minecraft:bucket":1,"sophisticatedbackpacks:upgrade_base":2,"minecraft:air":0,"minecraft:blue_dye":1,"minecraft:iron_chestplate":1,"minecraft:diamond_pickaxe":1,"minecraft:shield":1,"minecraft:stick":136,"minecraft:iron_ingot":38,"minecraft:iron_pickaxe":5,"minecraft:iron_shovel":2,"minecraft:iron_leggings":1,"minecraft:torch":92},"minecraft:killed":{"minecraft:spider":8,"minecraft:phantom":2,"minecraft:skeleton":5,"minecraft:chicken":2,"minecraft:silverfish":8,"minecraft:creeper":4,"minecraft:zombie":12,"cave_dweller:cave_dweller":2,"minecraft:cow":2}},"DataVersion":3465}