{"stats":{"minecraft:killed":{"minecraft:creeper":1},"minecraft:mined":{"minecraft:red_carpet":2,"minecraft:iron_ore":5,"minecraft:grass":1,"minecraft:coal_ore":17,"minecraft:dirt":54,"minecraft:cobblestone":8,"minecraft:stone":332,"minecraft:oak_wall_sign":1,"minecraft:wall_torch":1,"minecraft:spruce_sign":1},"minecraft:crafted":{"vanillaplustools:stone_hammer":1,"minecraft:spruce_planks":64,"minecraft:stick":32,"minecraft:iron_ingot":3,"minecraft:stone_pickaxe":9,"minecraft:chest":1,"minecraft:iron_shovel":1,"minecraft:torch":32,"minecraft:air":0},"minecraft:custom":{"minecraft:time_since_rest":37522,"minecraft:interact_with_furnace":6,"minecraft:sprint_one_cm":49687,"minecraft:damage_taken":20,"minecraft:walk_one_cm":114523,"minecraft:mob_kills":1,"minecraft:drop":4,"minecraft:damage_dealt":335,"minecraft:interact_with_crafting_table":20,"minecraft:fly_one_cm":11059,"minecraft:open_chest":18,"minecraft:crouch_one_cm":103,"minecraft:play_time":37522,"minecraft:sneak_time":117,"minecraft:jump":142,"minecraft:interact_with_blast_furnace":7,"minecraft:leave_game":1,"minecraft:time_since_death":37522,"minecraft:total_world_time":37522,"minecraft:interact_with_smoker":2,"minecraft:fall_one_cm":2061},"minecraft:dropped":{"cave_dweller:cave_dweller_spawn_egg":1,"minecraft:red_carpet":3},"minecraft:used":{"minecraft:diamond_boots":1,"minecraft:iron_shovel":51,"minecraft:iron_axe":3,"minecraft:bread":3,"minecraft:iron_pickaxe":228,"minecraft:chest":1,"vanillaplustools:stone_hammer":18,"minecraft:diamond_chestplate":1,"minecraft:torch":4,"minecraft:red_carpet":3,"minecraft:diamond_sword":2,"minecraft:dirt":97,"minecraft:cobblestone":18,"minecraft:diamond_helmet":1,"minecraft:diamond_leggings":1},"minecraft:picked_up":{"sophisticatedbackpacks:gold_backpack":1,"minecraft:raw_iron":5,"minecraft:golden_carrot":17,"minecraft:torch":3,"minecraft:diamond_sword":1,"minecraft:dirt":68,"minecraft:iron_axe":1,"simpleradio:transceiver":1,"minecraft:iron_hoe":1,"minecraft:red_carpet":6,"minecraft:diamond_chestplate":1,"minecraft:oak_sign":2,"minecraft:diamond":28,"minecraft:wheat_seeds":1,"minecraft:diamond_leggings":1,"minecraft:diamond_boots":1,"minecraft:iron_ingot":73,"minecraft:bread":64,"minecraft:spruce_sign":1,"minecraft:gold_ingot":32,"minecraft:poppy":7,"minecraft:iron_pickaxe":1,"minecraft:diamond_helmet":1,"minecraft:coal":17,"minecraft:cobblestone":330}},"DataVersion":3465}