{"stats":{"minecraft:killed":{"minecraft:creeper":1,"minecraft:skeleton":1,"minecraft:zombie":1},"minecraft:mined":{"minecraft:deepslate_redstone_ore":14,"minecraft:tuff":292,"minecraft:red_carpet":2,"minecraft:spruce_planks":13,"minecraft:deepslate_diamond_ore":15,"minecraft:amethyst_cluster":9,"minecraft:torch":20,"minecraft:cornflower":1,"minecraft:ladder":31,"minecraft:granite":67,"minecraft:grass_block":1,"minecraft:calcite":26,"minecraft:spruce_wall_sign":1,"minecraft:copper_ore":2,"minecraft:cobblestone":23,"minecraft:oak_wall_sign":1,"minecraft:spruce_sign":1,"minecraft:wall_torch":4,"minecraft:iron_ore":5,"minecraft:cobbled_deepslate":33,"minecraft:andesite":160,"minecraft:grass":1,"minecraft:coal_ore":17,"minecraft:deepslate_iron_ore":1,"minecraft:gravel":69,"minecraft:dirt":74,"minecraft:smooth_basalt":41,"minecraft:stone":577,"minecraft:deepslate":1675},"minecraft:broken":{"vanillaplustools:stone_hammer":2},"minecraft:crafted":{"vanillaplustools:stone_hammer":3,"minecraft:crafting_table":1,"minecraft:spruce_planks":64,"minecraft:bucket":1,"minecraft:air":0,"minecraft:stick":80,"minecraft:iron_ingot":8,"minecraft:iron_pickaxe":3,"minecraft:stone_pickaxe":27,"minecraft:chest":1,"minecraft:iron_shovel":1,"minecraft:torch":32},"minecraft:custom":{"minecraft:interact_with_furnace":11,"minecraft:mob_kills":3,"minecraft:interact_with_crafting_table":39,"minecraft:fill_cauldron":1,"minecraft:sleep_in_bed":1,"minecraft:leave_game":1,"minecraft:time_since_death":151522,"minecraft:climb_one_cm":30227,"minecraft:time_since_rest":5202,"minecraft:sprint_one_cm":233068,"minecraft:damage_taken":797,"minecraft:walk_one_cm":386721,"minecraft:drop":17,"minecraft:damage_dealt":1444,"minecraft:swim_one_cm":30993,"minecraft:fly_one_cm":84766,"minecraft:open_chest":61,"minecraft:crouch_one_cm":684,"minecraft:play_time":151522,"minecraft:sneak_time":646,"minecraft:walk_under_water_one_cm":17169,"minecraft:jump":650,"minecraft:interact_with_blast_furnace":18,"minecraft:walk_on_water_one_cm":1603,"minecraft:interact_with_smoker":5,"minecraft:total_world_time":151522,"minecraft:fall_one_cm":12424,"minecraft:use_cauldron":2},"minecraft:dropped":{"minecraft:gravel":11,"minecraft:raw_copper":5,"minecraft:cobblestone":3,"mca:family_tree":1,"minecraft:coal":3,"minecraft:red_carpet":3,"cave_dweller:cave_dweller_spawn_egg":1},"minecraft:used":{"minecraft:wheat_seeds":9,"minecraft:water_bucket":7,"minecraft:diamond_boots":1,"minecraft:iron_shovel":116,"minecraft:ladder":31,"minecraft:spruce_planks":15,"minecraft:chest":1,"vanillaplustools:stone_hammer":294,"minecraft:torch":57,"minecraft:dirt":144,"minecraft:spyglass":19,"minecraft:crafting_table":1,"minecraft:diamond_helmet":1,"minecraft:tuff":8,"minecraft:granite":6,"minecraft:axolotl_bucket":1,"minecraft:iron_hoe":19,"minecraft:iron_axe":53,"minecraft:bread":23,"minecraft:iron_pickaxe":509,"minecraft:diamond_chestplate":1,"minecraft:diamond_sword":8,"minecraft:red_carpet":3,"minecraft:cobblestone":93,"minecraft:andesite":9,"minecraft:bucket":9,"minecraft:potato":10,"minecraft:cobbled_deepslate":67,"minecraft:diamond_leggings":1},"minecraft:picked_up":{"sophisticatedbackpacks:gold_backpack":1,"minecraft:ladder":31,"minecraft:golden_carrot":17,"minecraft:andesite":107,"mca:family_tree":1,"minecraft:diamond_sword":1,"minecraft:flint":6,"minecraft:tuff":287,"minecraft:cornflower":1,"minecraft:dirt":89,"minecraft:raw_copper":8,"minecraft:iron_axe":1,"simpleradio:transceiver":1,"minecraft:red_carpet":6,"minecraft:oak_sign":3,"mca:whistle":1,"minecraft:diamond_leggings":1,"minecraft:wheat_seeds":1,"minecraft:cobbled_deepslate":2046,"minecraft:spruce_planks":14,"minecraft:iron_ingot":73,"mca:villager_editor":1,"minecraft:calcite":26,"minecraft:poppy":7,"minecraft:iron_pickaxe":1,"minecraft:diamond_helmet":1,"mca:wedding_ring_rg":1,"minecraft:raw_iron":6,"minecraft:smooth_basalt":24,"mca:engagement_ring_rg":1,"minecraft:torch":31,"minecraft:spyglass":1,"minecraft:gravel":86,"minecraft:amethyst_shard":36,"minecraft:redstone":51,"minecraft:iron_hoe":1,"minecraft:arrow":2,"minecraft:rotten_flesh":1,"minecraft:diamond_chestplate":1,"minecraft:diamond":43,"minecraft:diamond_boots":1,"minecraft:granite":47,"minecraft:spruce_sign":2,"minecraft:gold_ingot":32,"minecraft:bread":64,"minecraft:coal":17,"minecraft:cobblestone":572}},"DataVersion":3465}