{"stats":{"minecraft:killed":{"minecraft:creeper":1},"minecraft:mined":{"minecraft:red_carpet":2,"minecraft:cornflower":1,"minecraft:grass_block":1,"minecraft:cobblestone":16,"minecraft:oak_wall_sign":1,"minecraft:spruce_sign":1,"minecraft:wall_torch":1,"minecraft:iron_ore":5,"minecraft:grass":1,"minecraft:coal_ore":17,"minecraft:dirt":59,"minecraft:stone":339},"minecraft:crafted":{"vanillaplustools:stone_hammer":1,"minecraft:spruce_planks":64,"minecraft:bucket":1,"minecraft:air":0,"minecraft:stick":40,"minecraft:iron_ingot":8,"minecraft:iron_pickaxe":3,"minecraft:stone_pickaxe":9,"minecraft:chest":1,"minecraft:iron_shovel":1,"minecraft:torch":32},"minecraft:custom":{"minecraft:interact_with_furnace":9,"minecraft:mob_kills":1,"minecraft:interact_with_crafting_table":27,"minecraft:fill_cauldron":1,"minecraft:leave_game":1,"minecraft:time_since_death":61522,"minecraft:climb_one_cm":2457,"minecraft:time_since_rest":61522,"minecraft:sprint_one_cm":102889,"minecraft:damage_taken":20,"minecraft:walk_one_cm":187434,"minecraft:drop":4,"minecraft:damage_dealt":335,"minecraft:fly_one_cm":22519,"minecraft:open_chest":26,"minecraft:crouch_one_cm":103,"minecraft:play_time":61522,"minecraft:sneak_time":117,"minecraft:jump":260,"minecraft:interact_with_blast_furnace":16,"minecraft:walk_on_water_one_cm":108,"minecraft:interact_with_smoker":4,"minecraft:total_world_time":61522,"minecraft:fall_one_cm":3228,"minecraft:use_cauldron":2},"minecraft:dropped":{"minecraft:red_carpet":3,"cave_dweller:cave_dweller_spawn_egg":1},"minecraft:used":{"minecraft:wheat_seeds":9,"minecraft:water_bucket":5,"minecraft:diamond_boots":1,"minecraft:iron_shovel":51,"minecraft:chest":1,"vanillaplustools:stone_hammer":19,"minecraft:torch":7,"minecraft:dirt":100,"minecraft:diamond_helmet":1,"minecraft:iron_hoe":19,"minecraft:iron_axe":3,"minecraft:bread":5,"minecraft:iron_pickaxe":237,"minecraft:diamond_chestplate":1,"minecraft:diamond_sword":2,"minecraft:red_carpet":3,"minecraft:cobblestone":37,"minecraft:bucket":5,"minecraft:potato":10,"minecraft:diamond_leggings":1},"minecraft:picked_up":{"sophisticatedbackpacks:gold_backpack":1,"minecraft:golden_carrot":17,"minecraft:diamond_sword":1,"minecraft:cornflower":1,"minecraft:dirt":74,"minecraft:iron_axe":1,"simpleradio:transceiver":1,"minecraft:red_carpet":6,"minecraft:oak_sign":2,"minecraft:diamond_leggings":1,"minecraft:wheat_seeds":1,"minecraft:iron_ingot":73,"minecraft:poppy":7,"minecraft:iron_pickaxe":1,"minecraft:diamond_helmet":1,"minecraft:raw_iron":5,"minecraft:torch":3,"minecraft:iron_hoe":1,"minecraft:diamond_chestplate":1,"minecraft:diamond":28,"minecraft:diamond_boots":1,"minecraft:spruce_sign":1,"minecraft:gold_ingot":32,"minecraft:bread":64,"minecraft:coal":17,"minecraft:cobblestone":341}},"DataVersion":3465}