{"stats":{"minecraft:custom":{"minecraft:interact_with_anvil":2,"minecraft:mob_kills":81,"minecraft:animals_bred":17,"minecraft:interact_with_crafting_table":84,"minecraft:fill_cauldron":1,"minecraft:leave_game":3,"minecraft:time_since_death":138952,"minecraft:climb_one_cm":43863,"minecraft:sprint_one_cm":1187572,"minecraft:walk_one_cm":1296104,"minecraft:damage_blocked_by_shield":445,"minecraft:drop":62,"minecraft:damage_dealt_absorbed":80,"minecraft:talked_to_villager":3,"minecraft:play_time":468462,"minecraft:deaths":1,"minecraft:sneak_time":12962,"minecraft:walk_under_water_one_cm":52186,"minecraft:boat_one_cm":77,"minecraft:jump":3538,"minecraft:interact_with_blast_furnace":37,"minecraft:walk_on_water_one_cm":19207,"minecraft:total_world_time":468462,"minecraft:interact_with_furnace":38,"minecraft:pot_flower":1,"minecraft:sleep_in_bed":7,"minecraft:time_since_rest":93388,"minecraft:damage_taken":3196,"minecraft:damage_dealt":12337,"minecraft:swim_one_cm":289770,"minecraft:fly_one_cm":565231,"minecraft:open_chest":142,"minecraft:crouch_one_cm":49130,"minecraft:interact_with_smoker":9,"minecraft:fish_caught":9,"minecraft:use_cauldron":3,"minecraft:fall_one_cm":70119,"minecraft:horse_one_cm":16},"minecraft:dropped":{"minecraft:bread":65,"minecraft:wheat_seeds":1,"minecraft:baked_potato":5,"minecraft:crafting_table":1,"minecraft:diamond_leggings":1,"minecraft:cobblestone":30,"minecraft:spruce_button":21,"mca:family_tree":1,"minecraft:coal":3,"minecraft:red_carpet":3,"minecraft:diamond_helmet":1,"minecraft:iron_pickaxe":1,"minecraft:gravel":11,"minecraft:raw_copper":10,"minecraft:chicken":1,"minecraft:oak_sign":2,"minecraft:diamond_sword":1,"mca:villager_editor":2,"minecraft:diamond_chestplate":1,"minecraft:diamond_pickaxe":1,"cave_dweller:cave_dweller_spawn_egg":1,"minecraft:diamond_boots":1,"sophisticatedbackpacks:copper_backpack":1},"minecraft:used":{"minecraft:iron_shovel":368,"minecraft:ladder":31,"minecraft:poppy":3,"minecraft:oak_sign":1,"minecraft:shield":6,"minecraft:chest":3,"minecraft:spruce_planks":68,"minecraft:stone":14,"vanillaplustools:stone_hammer":521,"minecraft:cooked_chicken":1,"minecraft:netherrack":47,"minecraft:torch":103,"minecraft:soul_sand":2,"minecraft:dirt":294,"minecraft:spyglass":63,"minecraft:anvil":1,"minecraft:spruce_stairs":8,"minecraft:diamond_helmet":2,"minecraft:spruce_fence":21,"minecraft:tuff":8,"minecraft:granite":6,"minecraft:axolotl_bucket":4,"minecraft:obsidian":1,"minecraft:polished_diorite":21,"minecraft:spruce_boat":2,"minecraft:iron_hoe":80,"minecraft:lava_bucket":27,"minecraft:iron_axe":404,"minecraft:spruce_button":3,"minecraft:diamond_chestplate":2,"minecraft:red_carpet":3,"minecraft:furnace":4,"minecraft:egg":1,"minecraft:potato":161,"minecraft:cobbled_deepslate":238,"minecraft:calcite":1,"minecraft:wheat_seeds":129,"minecraft:water_bucket":7,"minecraft:diamond_boots":1,"minecraft:cobblestone_stairs":22,"cave_dweller:cave_dweller_spawn_egg":3,"minecraft:baked_potato":28,"minecraft:spruce_sign":1,"minecraft:blue_bed":1,"minecraft:deepslate_bricks":4,"minecraft:polished_blackstone_bricks":2,"minecraft:sand":4,"minecraft:crafting_table":3,"minecraft:cobbled_deepslate_stairs":102,"minecraft:dark_oak_door":2,"minecraft:spruce_log":36,"minecraft:lever":6,"minecraft:flower_pot":1,"minecraft:diamond_pickaxe":29,"minecraft:black_wool":1,"minecraft:bread":64,"minecraft:iron_pickaxe":660,"minecraft:spruce_pressure_plate":7,"minecraft:iron_door":1,"minecraft:gravel":1,"minecraft:fishing_rod":17,"minecraft:diamond_sword":180,"minecraft:cobblestone":237,"vanillaplustools:iron_hammer":25,"minecraft:andesite":236,"minecraft:bucket":40,"minecraft:diamond_leggings":1},"minecraft:mined":{"minecraft:infested_deepslate":7,"minecraft:red_carpet":2,"minecraft:tuff":292,"minecraft:spruce_planks":19,"minecraft:white_bed":1,"minecraft:deepslate_diamond_ore":15,"minecraft:cobbled_deepslate_stairs":9,"minecraft:cobblestone_stairs":6,"minecraft:obsidian":1,"minecraft:lever":4,"minecraft:ladder":178,"minecraft:granite":92,"minecraft:grass_block":164,"minecraft:deepslate_bricks":2,"minecraft:polished_diorite":1,"minecraft:oak_wall_sign":5,"minecraft:tall_seagrass":2,"minecraft:furnace":1,"minecraft:fire":7,"minecraft:iron_ore":33,"minecraft:cobbled_deepslate":89,"minecraft:andesite":305,"minecraft:potatoes":81,"minecraft:deepslate_iron_ore":4,"minecraft:spruce_pressure_plate":4,"minecraft:stone":1157,"minecraft:deepslate_redstone_ore":20,"minecraft:soul_sand":1,"minecraft:amethyst_cluster":10,"minecraft:clay":2,"minecraft:crafting_table":3,"minecraft:cornflower":1,"minecraft:torch":24,"minecraft:spruce_button":2,"minecraft:calcite":27,"minecraft:poppy":11,"minecraft:chest":1,"minecraft:spruce_wall_sign":5,"minecraft:tall_grass":23,"minecraft:copper_ore":4,"minecraft:cobblestone":48,"minecraft:diorite":46,"minecraft:wall_torch":10,"minecraft:spruce_sign":1,"minecraft:dark_oak_door":2,"minecraft:wheat":129,"minecraft:spruce_log":179,"minecraft:grass":134,"minecraft:coal_ore":75,"minecraft:gravel":82,"minecraft:sand":8,"minecraft:dirt":163,"minecraft:smooth_basalt":44,"minecraft:netherrack":82,"minecraft:deepslate":2903,"minecraft:infested_stone":2},"minecraft:broken":{"minecraft:iron_shovel":1,"vanillaplustools:stone_hammer":2,"minecraft:iron_axe":1},"minecraft:picked_up":{"sophisticatedbackpacks:gold_backpack":2,"minecraft:crafting_table":2,"minecraft:wheat":127,"minecraft:chicken":3,"minecraft:ladder":181,"minecraft:clay_ball":8,"minecraft:diamond_sword":2,"minecraft:enchanted_book":1,"minecraft:shield":1,"minecraft:cornflower":1,"minecraft:string":10,"minecraft:raw_copper":18,"minecraft:iron_axe":2,"simpleradio:transceiver":1,"minecraft:pufferfish":2,"minecraft:iron_shovel":1,"minecraft:oak_sign":9,"minecraft:diamond_leggings":2,"minecraft:cobbled_deepslate":3295,"minecraft:spruce_planks":20,"minecraft:beef":4,"minecraft:calcite":27,"minecraft:poppy":19,"minecraft:iron_pickaxe":2,"minecraft:chest":1,"minecraft:phantom_membrane":1,"minecraft:furnace":1,"minecraft:egg":1,"minecraft:dark_oak_door":2,"minecraft:stick":30,"minecraft:spruce_pressure_plate":5,"minecraft:raw_iron":35,"minecraft:torch":81,"minecraft:polished_blackstone_bricks":2,"minecraft:diorite":46,"minecraft:carrot":1,"minecraft:redstone":75,"minecraft:golden_chestplate":1,"minecraft:diamond_chestplate":2,"minecraft:arrow":16,"minecraft:rotten_flesh":15,"minecraft:diamond_boots":2,"minecraft:deepslate_bricks":6,"minecraft:gold_ingot":32,"sophisticatedbackpacks:copper_backpack":1,"minecraft:obsidian":1,"minecraft:cod":6,"minecraft:cobblestone":1490,"minecraft:feather":2,"minecraft:golden_carrot":17,"minecraft:iron_door":1,"minecraft:salmon":21,"minecraft:andesite":252,"minecraft:leather":3,"mca:family_tree":1,"minecraft:red_mushroom":1,"minecraft:potato":265,"minecraft:flint":8,"minecraft:tuff":287,"minecraft:cobbled_deepslate_stairs":9,"minecraft:gunpowder":5,"minecraft:cobblestone_stairs":6,"minecraft:dirt":445,"minecraft:bone":8,"minecraft:red_carpet":6,"minecraft:bow":1,"minecraft:wheat_seeds":339,"mca:whistle":1,"minecraft:iron_ingot":75,"mca:villager_editor":1,"minecraft:diamond_helmet":2,"minecraft:soul_sand":2,"mca:wedding_ring_rg":1,"minecraft:smooth_basalt":27,"mca:engagement_ring_rg":1,"minecraft:axolotl_bucket":1,"minecraft:spyglass":2,"minecraft:gravel":98,"minecraft:sand":8,"minecraft:amethyst_shard":40,"minecraft:spruce_sapling":25,"minecraft:ink_sac":4,"minecraft:white_bed":1,"minecraft:spruce_log":179,"minecraft:spider_eye":6,"minecraft:iron_hoe":2,"minecraft:sugar":2,"minecraft:spruce_boat":1,"minecraft:diamond":43,"minecraft:polished_diorite":1,"minecraft:lever":6,"vanillaplustools:stone_hammer":1,"minecraft:granite":72,"minecraft:bone_meal":1,"minecraft:spruce_sign":7,"minecraft:spruce_button":24,"minecraft:bread":79,"minecraft:baked_potato":5,"minecraft:netherrack":90,"minecraft:black_wool":1,"minecraft:coal":119},"minecraft:crafted":{"minecraft:brick":3,"minecraft:cobblestone_slab":6,"minecraft:fishing_rod":1,"vanillaplustools:stone_hammer":5,"minecraft:furnace":1,"minecraft:cobblestone_stairs":16,"minecraft:lever":1,"sophisticatedbackpacks:crafting_upgrade":1,"minecraft:spruce_fence":6,"minecraft:spruce_pressure_plate":2,"sophisticatedbackpacks:smelting_upgrade":1,"vanillaplustools:iron_hammer":1,"minecraft:bow":1,"minecraft:iron_boots":1,"minecraft:polished_diorite":12,"minecraft:stone_pickaxe":36,"minecraft:chest":2,"minecraft:cobbled_deepslate_stairs":128,"minecraft:flower_pot":1,"minecraft:diamond_sword":1,"minecraft:spruce_sign":6,"minecraft:crafting_table":2,"minecraft:spruce_planks":204,"minecraft:baked_potato":61,"minecraft:iron_helmet":1,"minecraft:blue_bed":1,"minecraft:bucket":1,"sophisticatedbackpacks:upgrade_base":2,"minecraft:air":0,"minecraft:blue_dye":1,"minecraft:iron_chestplate":1,"minecraft:diamond_pickaxe":1,"minecraft:shield":1,"minecraft:stick":136,"minecraft:iron_ingot":38,"minecraft:iron_pickaxe":5,"minecraft:iron_block":3,"minecraft:iron_shovel":2,"minecraft:iron_leggings":1,"minecraft:anvil":1,"minecraft:torch":92},"minecraft:killed":{"minecraft:witch":1,"minecraft:spider":9,"minecraft:phantom":2,"minecraft:skeleton":8,"minecraft:chicken":3,"minecraft:silverfish":8,"minecraft:salmon":20,"minecraft:creeper":4,"minecraft:zombie":21,"cave_dweller:cave_dweller":2,"minecraft:cow":2}},"DataVersion":3465}