{"stats":{"minecraft:custom":{"minecraft:time_since_rest":4391,"minecraft:play_time":4391,"minecraft:sprint_one_cm":1897,"minecraft:damage_taken":150,"minecraft:walk_one_cm":9170,"minecraft:sneak_time":7,"minecraft:mob_kills":1,"minecraft:jump":26,"minecraft:damage_dealt":64,"minecraft:time_since_death":4391,"minecraft:total_world_time":4391,"minecraft:interact_with_crafting_table":2,"minecraft:fall_one_cm":1319,"minecraft:fly_one_cm":752},"minecraft:picked_up":{"minecraft:crafting_table":1,"minecraft:rotten_flesh":2,"minecraft:wheat_seeds":1,"minecraft:spruce_sapling":1,"minecraft:spruce_log":11,"minecraft:coal":4,"minecraft:dirt":1},"minecraft:crafted":{"minecraft:crafting_table":1,"minecraft:spruce_planks":12,"minecraft:stick":4,"minecraft:wooden_pickaxe":1,"minecraft:wooden_axe":1},"minecraft:used":{"minecraft:wooden_axe":10,"minecraft:crafting_table":1,"minecraft:wooden_pickaxe":4},"minecraft:mined":{"minecraft:large_fern":2,"minecraft:grass_block":1,"minecraft:coal_ore":4,"minecraft:spruce_leaves":17,"minecraft:spruce_log":11,"minecraft:crafting_table":1}},"DataVersion":3465}