{"stats":{"minecraft:picked_up":{"minecraft:smithing_table":4,"minecraft:lead":1,"minecraft:diamond_sword":3,"minecraft:string":9,"minecraft:armor_stand":2,"minecraft:diamond_leggings":2,"minecraft:gold_nugget":252,"minecraft:cobbled_deepslate":1962,"minecraft:spruce_planks":171,"minecraft:iron_pickaxe":1,"minecraft:furnace":10,"minecraft:stick":30,"minecraft:torch":155,"minecraft:spruce_stairs":3,"minecraft:porkchop":32,"minecraft:cherry_log":54,"minecraft:diorite":9,"minecraft:rotten_flesh":29,"minecraft:cobblestone":196,"minecraft:pink_petals":94,"minecraft:magma_block":1,"minecraft:water_bucket":2,"minecraft:cooked_beef":7,"minecraft:cherry_planks":29,"minecraft:iron_door":1,"minecraft:andesite":22,"minecraft:flint":3,"minecraft:tuff":313,"minecraft:cherry_door":2,"minecraft:dirt":92,"minecraft:bone":8,"minecraft:wheat_seeds":10,"minecraft:raw_gold":9,"minecraft:diamond_helmet":1,"minecraft:glowstone_dust":75,"minecraft:oak_planks":1,"minecraft:cooked_porkchop":18,"minecraft:sand":80,"minecraft:diamond_block":2,"minecraft:diamond":43,"minecraft:spruce_boat":8,"minecraft:cracked_polished_blackstone_bricks":40,"minecraft:crossbow":2,"minecraft:granite":30,"minecraft:spruce_button":43,"minecraft:spruce_sign":2,"minecraft:bread":115,"minecraft:netherrack":734,"minecraft:diamond_pickaxe":1,"minecraft:crafting_table":14,"minecraft:wooden_pickaxe":3,"minecraft:gold_block":22,"minecraft:shield":1,"simpleradio:transceiver":2,"minecraft:blackstone":5,"minecraft:beef":11,"minecraft:poppy":2,"minecraft:spruce_slab":32,"minecraft:sugar_cane":54,"minecraft:chest":3,"minecraft:phantom_membrane":2,"minecraft:egg":1,"minecraft:spruce_trapdoor":3,"minecraft:raw_iron":100,"minecraft:cherry_stairs":2,"minecraft:polished_blackstone_bricks":24,"minecraft:carrot":3,"minecraft:arrow":18,"minecraft:diamond_chestplate":1,"minecraft:diamond_boots":1,"minecraft:deepslate_bricks":13,"minecraft:gold_ingot":4,"minecraft:mutton":6,"minecraft:rail":6,"minecraft:white_wool":5,"minecraft:basalt":2,"minecraft:leather":9,"minecraft:red_mushroom":2,"minecraft:birch_planks":16,"minecraft:ancient_debris":13,"minecraft:gunpowder":3,"mca:book_romance":1,"minecraft:blue_bed":5,"minecraft:apple":1,"minecraft:iron_ingot":5,"minecraft:stone_pickaxe":2,"mca:villager_editor":3,"minecraft:sweet_berries":17,"minecraft:gravel":46,"minecraft:spruce_sapling":12,"minecraft:spruce_log":125,"minecraft:spruce_door":1,"minecraft:spider_eye":2,"minecraft:stone_axe":2,"vanillaplustools:stone_hammer":8,"minecraft:cherry_sapling":44,"minecraft:baked_potato":2,"minecraft:black_wool":1,"minecraft:warped_nylium":3,"minecraft:coal":33,"minecraft:sunflower":6},"minecraft:crafted":{"minecraft:cooked_mutton":6,"minecraft:glass":16,"minecraft:diamond_helmet":1,"minecraft:diamond_leggings":1,"minecraft:chest":8,"minecraft:golden_axe":2,"minecraft:cooked_porkchop":24,"minecraft:crafting_table":11,"minecraft:spruce_planks":488,"minecraft:wooden_pickaxe":1,"minecraft:spruce_door":3,"minecraft:smithing_table":1,"minecraft:gold_block":2,"minecraft:white_stained_glass_pane":16,"minecraft:spruce_trapdoor":6,"minecraft:diamond_pickaxe":1,"minecraft:charcoal":2,"minecraft:shield":1,"minecraft:stick":24,"minecraft:iron_ingot":47,"minecraft:iron_pickaxe":4,"minecraft:gold_ingot":44,"minecraft:netherite_ingot":1,"minecraft:cherry_planks":172,"vanillaplustools:stone_hammer":1,"minecraft:spruce_button":22,"minecraft:furnace":5,"minecraft:bone_meal":6,"minecraft:glass_pane":16,"minecraft:diamond_block":1,"minecraft:flint_and_steel":1,"minecraft:netherite_chestplate":1,"minecraft:diamond":9,"minecraft:spruce_stairs":8,"minecraft:ladder":6,"minecraft:spruce_slab":48,"minecraft:cherry_stairs":4,"minecraft:stone_pickaxe":2,"minecraft:diamond_boots":1,"minecraft:spruce_boat":1,"minecraft:netherite_scrap":13,"minecraft:cooked_beef":9,"minecraft:diamond_sword":1,"minecraft:spruce_sign":6,"minecraft:golden_shovel":1,"minecraft:bucket":2,"minecraft:glowstone":16,"minecraft:air":0,"minecraft:white_dye":6,"minecraft:cherry_door":3,"minecraft:torch":8,"mca:wedding_ring":1,"minecraft:diamond_chestplate":1},"minecraft:used":{"minecraft:cherry_sapling":18,"minecraft:spruce_slab":52,"minecraft:poppy":1,"minecraft:ladder":3,"minecraft:chest":9,"minecraft:shield":9,"minecraft:rotten_flesh":25,"minecraft:carrot":5,"minecraft:tuff":77,"minecraft:spruce_boat":8,"minecraft:lava_bucket":41,"minecraft:warped_nylium":1,"minecraft:magma_block":1,"minecraft:sweet_berries":24,"minecraft:furnace":14,"minecraft:gold_block":9,"minecraft:egg":2,"minecraft:diamond_boots":2,"minecraft:spruce_door":3,"minecraft:stone_pickaxe":251,"minecraft:oak_planks":1,"minecraft:wooden_pickaxe":51,"minecraft:blue_bed":5,"minecraft:bread":107,"minecraft:string":2,"minecraft:iron_door":1,"minecraft:gravel":2,"minecraft:diamond_sword":378,"minecraft:smithing_table":5,"minecraft:andesite":12,"minecraft:flint_and_steel":2,"minecraft:armor_stand":1,"minecraft:spruce_planks":140,"vanillaplustools:stone_hammer":396,"minecraft:netherrack":211,"minecraft:torch":96,"minecraft:dirt":66,"minecraft:spruce_stairs":11,"minecraft:diamond_helmet":1,"minecraft:golden_shovel":40,"minecraft:granite":3,"minecraft:iron_axe":29,"minecraft:spruce_button":23,"minecraft:diamond_chestplate":1,"minecraft:glowstone":6,"minecraft:beef":2,"minecraft:white_stained_glass_pane":8,"minecraft:cooked_beef":5,"minecraft:cobbled_deepslate":54,"minecraft:enchanted_golden_apple":1,"minecraft:golden_axe":66,"minecraft:cooked_mutton":3,"minecraft:water_bucket":77,"minecraft:netherite_chestplate":2,"minecraft:baked_potato":2,"minecraft:cherry_planks":131,"minecraft:spruce_sign":4,"minecraft:deepslate_bricks":11,"minecraft:polished_blackstone_bricks":11,"minecraft:diamond_block":1,"minecraft:crafting_table":23,"minecraft:spruce_log":3,"minecraft:diamond_pickaxe":494,"minecraft:black_wool":1,"minecraft:apple":4,"minecraft:cherry_door":5,"minecraft:sunflower":2,"minecraft:cracked_polished_blackstone_bricks":30,"minecraft:iron_pickaxe":616,"minecraft:spruce_trapdoor":7,"minecraft:spruce_sapling":4,"minecraft:stone_axe":130,"minecraft:pink_petals":61,"minecraft:cobblestone":89,"minecraft:cherry_stairs":6,"minecraft:cooked_porkchop":6,"minecraft:porkchop":8,"minecraft:bucket":119,"minecraft:diamond_leggings":1},"minecraft:broken":{"minecraft:golden_shovel":1,"minecraft:stone_pickaxe":1,"minecraft:stone_axe":1,"minecraft:golden_axe":2,"vanillaplustools:stone_hammer":2,"minecraft:iron_axe":1},"minecraft:mined":{"minecraft:spruce_planks":1,"minecraft:cherry_log":65,"minecraft:spruce_trapdoor":2,"minecraft:granite":31,"minecraft:grass_block":58,"minecraft:cracked_polished_blackstone_bricks":34,"minecraft:deepslate_bricks":11,"minecraft:frosted_ice":2,"minecraft:spawner":1,"minecraft:polished_blackstone_bricks":20,"minecraft:magma_block":1,"minecraft:glowstone":26,"minecraft:iron_ore":66,"minecraft:cobbled_deepslate":4,"minecraft:fire":27,"minecraft:dirt_path":2,"minecraft:spruce_slab":12,"minecraft:blackstone":10,"minecraft:torch":6,"minecraft:chest":3,"minecraft:spruce_wall_sign":2,"minecraft:nether_quartz_ore":6,"minecraft:cobblestone":19,"minecraft:sugar_cane":16,"minecraft:oak_planks":1,"minecraft:iron_door":1,"minecraft:wall_torch":8,"mca:cross_headstone":1,"minecraft:pink_petals":38,"minecraft:cherry_door":2,"minecraft:grass":46,"minecraft:sand":37,"minecraft:dirt":30,"minecraft:netherrack":1474,"minecraft:ancient_debris":13,"minecraft:oak_leaves":2,"minecraft:deepslate":2387,"minecraft:nether_gold_ore":62,"minecraft:tuff":254,"minecraft:deepslate_diamond_ore":40,"minecraft:cherry_sapling":4,"minecraft:furnace":10,"minecraft:andesite":22,"minecraft:diamond_block":1,"minecraft:gold_block":24,"minecraft:deepslate_iron_ore":35,"minecraft:stone":152,"minecraft:cherry_stairs":2,"minecraft:white_wool":1,"minecraft:smithing_table":4,"minecraft:glass_pane":1,"minecraft:cherry_planks":23,"minecraft:basalt":2,"minecraft:crafting_table":12,"minecraft:tall_grass":10,"minecraft:deepslate_gold_ore":7,"minecraft:diorite":9,"minecraft:blue_bed":4,"minecraft:spruce_stairs":3,"minecraft:spruce_log":148,"minecraft:coal_ore":33,"minecraft:cherry_leaves":1,"minecraft:sunflower":3,"minecraft:gravel":46,"minecraft:gold_ore":2},"minecraft:custom":{"minecraft:interact_with_crafting_table":63,"minecraft:leave_game":12,"minecraft:time_since_death":29408,"minecraft:damage_resisted":63,"minecraft:sprint_one_cm":799027,"minecraft:damage_blocked_by_shield":645,"minecraft:drop":114,"minecraft:talked_to_villager":3,"minecraft:play_time":498277,"minecraft:deaths":6,"minecraft:jump":8330,"minecraft:walk_on_water_one_cm":32124,"minecraft:interact_with_furnace":85,"minecraft:sleep_in_bed":9,"minecraft:damage_dealt":22523,"minecraft:crouch_one_cm":42578,"minecraft:interact_with_smoker":1,"minecraft:use_cauldron":2,"minecraft:horse_one_cm":22,"minecraft:interact_with_smithing_table":8,"minecraft:mob_kills":133,"minecraft:fill_cauldron":3,"minecraft:damage_dealt_resisted":32,"minecraft:climb_one_cm":22231,"minecraft:walk_one_cm":1179330,"minecraft:damage_dealt_absorbed":120,"minecraft:sneak_time":11770,"minecraft:walk_under_water_one_cm":23787,"minecraft:boat_one_cm":116021,"minecraft:interact_with_blast_furnace":2,"minecraft:total_world_time":498277,"minecraft:time_since_rest":4210,"minecraft:damage_taken":9295,"minecraft:damage_absorbed":160,"minecraft:swim_one_cm":29099,"minecraft:fly_one_cm":1424720,"minecraft:open_chest":153,"minecraft:fall_one_cm":256987},"minecraft:dropped":{"minecraft:crafting_table":1,"minecraft:red_mushroom":2,"minecraft:cracked_polished_blackstone_bricks":6,"minecraft:dirt":15,"minecraft:sunflower":4,"minecraft:polished_blackstone_bricks":5,"minecraft:iron_pickaxe":1,"minecraft:bone":3,"minecraft:gravel":40,"minecraft:stone_axe":1,"minecraft:blackstone":1,"minecraft:cobbled_deepslate":1822,"minecraft:rotten_flesh":2,"minecraft:poppy":1,"mca:villager_editor":1,"vanillaplustools:stone_hammer":2,"minecraft:spruce_slab":15,"minecraft:arrow":6,"minecraft:crying_obsidian":5,"minecraft:netherrack":626,"minecraft:water_bucket":1,"minecraft:iron_ingot":1,"minecraft:bread":8,"minecraft:wheat_seeds":7,"minecraft:cherry_log":9,"minecraft:spruce_button":42,"minecraft:stick":7,"mca:book_romance":1,"minecraft:string":7,"minecraft:pink_petals":1,"minecraft:spruce_sapling":1,"minecraft:sweet_berries":2,"minecraft:warped_nylium":2,"minecraft:netherite_ingot":1,"minecraft:tuff":192,"minecraft:deepslate_bricks":2,"minecraft:diamond_sword":1,"minecraft:spruce_trapdoor":1,"minecraft:spruce_planks":1,"minecraft:andesite":1,"minecraft:spider_eye":2,"minecraft:stone_pickaxe":2,"minecraft:wooden_pickaxe":3},"minecraft:killed":{"minecraft:spider":14,"minecraft:skeleton":13,"minecraft:magma_cube":19,"minecraft:piglin":3,"minecraft:pig":16,"minecraft:creeper":3,"minecraft:sheep":4,"minecraft:trader_llama":1,"minecraft:zombie":37,"cave_dweller:cave_dweller":1,"minecraft:cow":6,"minecraft:vindicator":4,"minecraft:phantom":4,"minecraft:drowned":2,"minecraft:wandering_trader":1,"mca:female_villager":1,"minecraft:enderman":3}},"DataVersion":3465}