{"stats":{"minecraft:custom":{"minecraft:interact_with_smithing_table":7,"minecraft:mob_kills":48,"minecraft:interact_with_crafting_table":25,"minecraft:damage_dealt_resisted":32,"minecraft:leave_game":6,"minecraft:time_since_death":165927,"minecraft:climb_one_cm":7650,"minecraft:sprint_one_cm":344572,"minecraft:walk_one_cm":623244,"minecraft:damage_blocked_by_shield":465,"minecraft:drop":75,"minecraft:talked_to_villager":1,"minecraft:play_time":228109,"minecraft:deaths":5,"minecraft:sneak_time":8624,"minecraft:walk_under_water_one_cm":8073,"minecraft:jump":3488,"minecraft:interact_with_blast_furnace":2,"minecraft:walk_on_water_one_cm":1758,"minecraft:total_world_time":228109,"minecraft:interact_with_furnace":41,"minecraft:sleep_in_bed":1,"minecraft:time_since_rest":152319,"minecraft:damage_taken":5364,"minecraft:damage_dealt":7163,"minecraft:fly_one_cm":533494,"minecraft:open_chest":91,"minecraft:crouch_one_cm":32405,"minecraft:interact_with_smoker":1,"minecraft:fall_one_cm":102631,"minecraft:horse_one_cm":22},"minecraft:dropped":{"minecraft:water_bucket":1,"minecraft:wheat_seeds":1,"minecraft:crafting_table":1,"minecraft:spruce_button":42,"minecraft:red_mushroom":2,"minecraft:stick":1,"minecraft:cracked_polished_blackstone_bricks":6,"mca:book_romance":1,"minecraft:polished_blackstone_bricks":4,"minecraft:string":4,"minecraft:spruce_sapling":1,"minecraft:gravel":40,"minecraft:stone_axe":1,"minecraft:blackstone":1,"minecraft:sweet_berries":2,"minecraft:warped_nylium":2,"minecraft:cobbled_deepslate":1822,"minecraft:tuff":192,"minecraft:deepslate_bricks":2,"vanillaplustools:stone_hammer":2,"minecraft:spider_eye":2,"minecraft:wooden_pickaxe":3,"minecraft:stone_pickaxe":2,"minecraft:crying_obsidian":5,"minecraft:netherrack":626},"minecraft:used":{"minecraft:flint_and_steel":1,"minecraft:armor_stand":1,"minecraft:spruce_planks":83,"minecraft:shield":7,"vanillaplustools:stone_hammer":396,"minecraft:rotten_flesh":13,"minecraft:netherrack":211,"minecraft:torch":64,"minecraft:dirt":13,"minecraft:carrot":5,"minecraft:tuff":77,"minecraft:lava_bucket":25,"minecraft:iron_axe":29,"minecraft:spruce_button":23,"minecraft:warped_nylium":1,"minecraft:diamond_chestplate":1,"minecraft:magma_block":1,"minecraft:beef":1,"minecraft:sweet_berries":24,"minecraft:furnace":5,"minecraft:egg":2,"minecraft:cobbled_deepslate":51,"minecraft:diamond_boots":1,"minecraft:water_bucket":30,"minecraft:stone_pickaxe":251,"minecraft:wooden_pickaxe":51,"minecraft:blue_bed":2,"minecraft:deepslate_bricks":11,"minecraft:polished_blackstone_bricks":11,"minecraft:diamond_block":1,"minecraft:crafting_table":15,"minecraft:spruce_log":3,"minecraft:diamond_pickaxe":365,"minecraft:black_wool":1,"minecraft:apple":1,"minecraft:cracked_polished_blackstone_bricks":24,"minecraft:bread":58,"minecraft:iron_pickaxe":456,"minecraft:iron_door":1,"minecraft:spruce_sapling":4,"minecraft:gravel":2,"minecraft:stone_axe":125,"minecraft:diamond_sword":133,"minecraft:cobblestone":87,"minecraft:porkchop":2,"minecraft:smithing_table":2,"minecraft:andesite":12,"minecraft:bucket":56},"minecraft:mined":{"minecraft:nether_gold_ore":62,"minecraft:tuff":254,"minecraft:spruce_planks":1,"minecraft:deepslate_diamond_ore":38,"minecraft:grass_block":9,"minecraft:cracked_polished_blackstone_bricks":34,"minecraft:deepslate_bricks":11,"minecraft:polished_blackstone_bricks":20,"minecraft:magma_block":1,"minecraft:furnace":5,"minecraft:iron_ore":5,"minecraft:cobbled_deepslate":3,"minecraft:fire":22,"minecraft:andesite":12,"minecraft:diamond_block":1,"minecraft:gold_block":19,"minecraft:deepslate_iron_ore":24,"minecraft:stone":60,"minecraft:smithing_table":2,"minecraft:glass_pane":1,"minecraft:blackstone":10,"minecraft:basalt":2,"minecraft:crafting_table":8,"minecraft:nether_quartz_ore":6,"minecraft:tall_grass":4,"minecraft:cobblestone":19,"minecraft:deepslate_gold_ore":5,"minecraft:iron_door":1,"minecraft:blue_bed":2,"minecraft:spruce_log":148,"minecraft:grass":8,"minecraft:gravel":46,"minecraft:dirt":4,"minecraft:netherrack":1474,"minecraft:ancient_debris":13,"minecraft:gold_ore":2,"minecraft:deepslate":2381},"minecraft:broken":{"minecraft:stone_pickaxe":1,"vanillaplustools:stone_hammer":2,"minecraft:iron_axe":1},"minecraft:picked_up":{"minecraft:crafting_table":10,"minecraft:smithing_table":2,"minecraft:diamond_sword":1,"minecraft:wooden_pickaxe":3,"minecraft:gold_block":19,"minecraft:string":4,"simpleradio:transceiver":2,"minecraft:armor_stand":2,"minecraft:blackstone":5,"minecraft:diamond_leggings":1,"minecraft:gold_nugget":252,"minecraft:cobbled_deepslate":1947,"minecraft:spruce_planks":170,"minecraft:beef":1,"minecraft:furnace":5,"minecraft:egg":1,"minecraft:stick":5,"minecraft:raw_iron":29,"minecraft:torch":123,"minecraft:porkchop":2,"minecraft:polished_blackstone_bricks":24,"minecraft:carrot":3,"minecraft:diamond_chestplate":1,"minecraft:rotten_flesh":13,"minecraft:deepslate_bricks":13,"minecraft:cobblestone":99,"minecraft:magma_block":1,"minecraft:basalt":2,"minecraft:water_bucket":1,"minecraft:iron_door":1,"minecraft:andesite":12,"minecraft:leather":2,"minecraft:red_mushroom":2,"minecraft:birch_planks":12,"minecraft:flint":3,"minecraft:tuff":313,"minecraft:ancient_debris":13,"mca:book_romance":1,"minecraft:dirt":13,"minecraft:blue_bed":3,"minecraft:bone":1,"minecraft:apple":1,"minecraft:wheat_seeds":2,"minecraft:raw_gold":7,"minecraft:stone_pickaxe":2,"minecraft:iron_ingot":4,"minecraft:sweet_berries":17,"minecraft:gravel":44,"minecraft:spruce_sapling":12,"minecraft:spruce_log":125,"minecraft:diamond_block":2,"minecraft:spider_eye":2,"minecraft:diamond":39,"minecraft:stone_axe":2,"minecraft:cracked_polished_blackstone_bricks":40,"vanillaplustools:stone_hammer":8,"minecraft:spruce_button":43,"minecraft:bread":77,"minecraft:netherrack":734,"minecraft:black_wool":1,"minecraft:warped_nylium":3},"minecraft:crafted":{"vanillaplustools:stone_hammer":1,"minecraft:spruce_button":22,"minecraft:furnace":2,"minecraft:diamond_block":1,"minecraft:flint_and_steel":1,"minecraft:diamond":9,"minecraft:diamond_helmet":1,"minecraft:diamond_leggings":1,"minecraft:stone_pickaxe":2,"minecraft:diamond_boots":1,"minecraft:netherite_scrap":13,"minecraft:diamond_sword":1,"minecraft:crafting_table":8,"minecraft:spruce_planks":488,"minecraft:wooden_pickaxe":1,"minecraft:smithing_table":1,"minecraft:bucket":2,"minecraft:air":0,"minecraft:diamond_pickaxe":1,"minecraft:shield":1,"minecraft:stick":12,"minecraft:iron_pickaxe":4,"minecraft:iron_ingot":16,"minecraft:gold_ingot":35,"minecraft:netherite_ingot":1,"minecraft:diamond_chestplate":1},"minecraft:killed":{"minecraft:spider":5,"minecraft:phantom":2,"minecraft:skeleton":4,"minecraft:magma_cube":19,"minecraft:piglin":3,"minecraft:pig":1,"minecraft:zombie":10,"minecraft:cow":1,"minecraft:enderman":3}},"DataVersion":3465}