{"stats":{"minecraft:custom":{"minecraft:jump":48,"minecraft:time_since_rest":7265,"minecraft:crouch_one_cm":99,"minecraft:damage_dealt":10,"minecraft:sprint_one_cm":3086,"minecraft:walk_one_cm":15372,"minecraft:leave_game":1,"minecraft:play_time":12204,"minecraft:damage_taken":255,"minecraft:time_since_death":7221,"minecraft:deaths":1,"minecraft:sneak_time":13,"minecraft:total_world_time":12204,"minecraft:drop":1,"minecraft:talked_to_villager":1,"minecraft:fall_one_cm":2477,"minecraft:fly_one_cm":9425},"minecraft:dropped":{"mca:book_romance":1},"minecraft:picked_up":{"minecraft:rotten_flesh":2,"mca:book_romance":1}},"DataVersion":3465}