{"stats":{"minecraft:custom":{"minecraft:interact_with_smithing_table":8,"minecraft:mob_kills":96,"minecraft:interact_with_crafting_table":42,"minecraft:fill_cauldron":3,"minecraft:damage_dealt_resisted":32,"minecraft:leave_game":9,"minecraft:time_since_death":285095,"minecraft:climb_one_cm":7650,"minecraft:damage_resisted":63,"minecraft:sprint_one_cm":614337,"minecraft:walk_one_cm":881232,"minecraft:damage_blocked_by_shield":465,"minecraft:drop":94,"minecraft:damage_dealt_absorbed":120,"minecraft:talked_to_villager":2,"minecraft:play_time":347277,"minecraft:deaths":5,"minecraft:sneak_time":10333,"minecraft:walk_under_water_one_cm":18214,"minecraft:boat_one_cm":107763,"minecraft:jump":6290,"minecraft:interact_with_blast_furnace":2,"minecraft:walk_on_water_one_cm":10774,"minecraft:total_world_time":347277,"minecraft:interact_with_furnace":52,"minecraft:sleep_in_bed":3,"minecraft:time_since_rest":20816,"minecraft:damage_taken":7883,"minecraft:damage_absorbed":160,"minecraft:damage_dealt":15856,"minecraft:swim_one_cm":18928,"minecraft:fly_one_cm":1095496,"minecraft:open_chest":107,"minecraft:crouch_one_cm":38194,"minecraft:fall_one_cm":189585,"minecraft:interact_with_smoker":1,"minecraft:use_cauldron":2,"minecraft:horse_one_cm":22},"minecraft:dropped":{"minecraft:water_bucket":1,"minecraft:iron_ingot":1,"minecraft:wheat_seeds":5,"minecraft:crafting_table":1,"minecraft:spruce_button":42,"minecraft:red_mushroom":2,"minecraft:stick":1,"minecraft:cracked_polished_blackstone_bricks":6,"minecraft:dirt":2,"mca:book_romance":1,"minecraft:sunflower":4,"minecraft:polished_blackstone_bricks":5,"minecraft:string":7,"minecraft:pink_petals":1,"minecraft:spruce_sapling":1,"minecraft:bone":1,"minecraft:gravel":40,"minecraft:stone_axe":1,"minecraft:sweet_berries":2,"minecraft:blackstone":1,"minecraft:warped_nylium":2,"minecraft:netherite_ingot":1,"minecraft:cobbled_deepslate":1822,"minecraft:tuff":192,"minecraft:deepslate_bricks":2,"minecraft:diamond_sword":1,"minecraft:poppy":1,"vanillaplustools:stone_hammer":2,"minecraft:spider_eye":2,"minecraft:arrow":3,"minecraft:wooden_pickaxe":3,"minecraft:stone_pickaxe":2,"minecraft:crying_obsidian":5,"minecraft:netherrack":626},"minecraft:used":{"minecraft:cherry_sapling":18,"minecraft:flint_and_steel":2,"minecraft:armor_stand":1,"minecraft:spruce_slab":27,"minecraft:poppy":1,"minecraft:chest":1,"minecraft:spruce_planks":138,"minecraft:shield":7,"vanillaplustools:stone_hammer":396,"minecraft:rotten_flesh":19,"minecraft:netherrack":211,"minecraft:torch":73,"minecraft:dirt":34,"minecraft:spruce_stairs":11,"minecraft:carrot":5,"minecraft:tuff":77,"minecraft:spruce_boat":6,"minecraft:lava_bucket":41,"minecraft:iron_axe":29,"minecraft:spruce_button":23,"minecraft:warped_nylium":1,"minecraft:diamond_chestplate":1,"minecraft:magma_block":1,"minecraft:beef":2,"minecraft:sweet_berries":24,"minecraft:furnace":10,"minecraft:gold_block":9,"minecraft:egg":2,"minecraft:cobbled_deepslate":51,"minecraft:enchanted_golden_apple":1,"minecraft:golden_axe":66,"minecraft:water_bucket":69,"minecraft:diamond_boots":1,"minecraft:oak_planks":1,"minecraft:stone_pickaxe":251,"minecraft:netherite_chestplate":1,"minecraft:wooden_pickaxe":51,"minecraft:cherry_planks":127,"minecraft:blue_bed":4,"minecraft:deepslate_bricks":11,"minecraft:polished_blackstone_bricks":11,"minecraft:diamond_block":1,"minecraft:crafting_table":20,"minecraft:spruce_log":3,"minecraft:diamond_pickaxe":366,"minecraft:black_wool":1,"minecraft:apple":4,"minecraft:cherry_door":3,"minecraft:sunflower":2,"minecraft:cracked_polished_blackstone_bricks":30,"minecraft:bread":96,"minecraft:string":2,"minecraft:iron_pickaxe":500,"minecraft:gravel":2,"minecraft:iron_door":1,"minecraft:spruce_sapling":4,"minecraft:pink_petals":61,"minecraft:stone_axe":130,"minecraft:diamond_sword":277,"minecraft:cherry_stairs":5,"minecraft:cobblestone":88,"minecraft:porkchop":5,"minecraft:cooked_porkchop":6,"minecraft:smithing_table":4,"minecraft:andesite":12,"minecraft:bucket":111},"minecraft:mined":{"minecraft:nether_gold_ore":62,"minecraft:tuff":254,"minecraft:spruce_planks":1,"minecraft:deepslate_diamond_ore":38,"minecraft:cherry_log":65,"minecraft:cherry_sapling":4,"minecraft:grass_block":39,"minecraft:cracked_polished_blackstone_bricks":34,"minecraft:deepslate_bricks":11,"minecraft:frosted_ice":2,"minecraft:polished_blackstone_bricks":20,"minecraft:magma_block":1,"minecraft:glowstone":26,"minecraft:furnace":9,"minecraft:iron_ore":5,"minecraft:cobbled_deepslate":3,"minecraft:fire":27,"minecraft:andesite":12,"minecraft:diamond_block":1,"minecraft:gold_block":24,"minecraft:deepslate_iron_ore":24,"minecraft:stone":61,"minecraft:cherry_stairs":1,"minecraft:spruce_slab":3,"minecraft:smithing_table":4,"minecraft:cherry_planks":7,"minecraft:glass_pane":1,"minecraft:blackstone":10,"minecraft:basalt":2,"minecraft:crafting_table":9,"minecraft:torch":2,"minecraft:nether_quartz_ore":6,"minecraft:tall_grass":9,"minecraft:cobblestone":19,"minecraft:deepslate_gold_ore":5,"minecraft:oak_planks":1,"minecraft:wall_torch":1,"minecraft:iron_door":1,"minecraft:blue_bed":3,"mca:cross_headstone":1,"minecraft:pink_petals":26,"minecraft:spruce_stairs":3,"minecraft:spruce_log":148,"minecraft:grass":28,"minecraft:coal_ore":18,"minecraft:sunflower":3,"minecraft:gravel":46,"minecraft:dirt":10,"minecraft:netherrack":1474,"minecraft:ancient_debris":13,"minecraft:gold_ore":2,"minecraft:oak_leaves":2,"minecraft:deepslate":2381},"minecraft:broken":{"minecraft:stone_pickaxe":1,"minecraft:golden_axe":2,"vanillaplustools:stone_hammer":2,"minecraft:iron_axe":1,"minecraft:stone_axe":1},"minecraft:picked_up":{"minecraft:crafting_table":11,"minecraft:smithing_table":4,"minecraft:diamond_sword":2,"minecraft:wooden_pickaxe":3,"minecraft:gold_block":22,"minecraft:string":9,"simpleradio:transceiver":2,"minecraft:armor_stand":2,"minecraft:blackstone":5,"minecraft:diamond_leggings":1,"minecraft:gold_nugget":252,"minecraft:cobbled_deepslate":1947,"minecraft:spruce_planks":170,"minecraft:beef":2,"minecraft:spruce_slab":3,"minecraft:poppy":2,"minecraft:furnace":9,"minecraft:egg":1,"minecraft:stick":24,"minecraft:raw_iron":29,"minecraft:cherry_stairs":1,"minecraft:torch":126,"minecraft:spruce_stairs":3,"minecraft:porkchop":30,"minecraft:polished_blackstone_bricks":24,"minecraft:cherry_log":45,"minecraft:carrot":3,"minecraft:arrow":6,"minecraft:diamond_chestplate":1,"minecraft:rotten_flesh":19,"minecraft:deepslate_bricks":13,"minecraft:gold_ingot":4,"minecraft:cobblestone":100,"minecraft:pink_petals":62,"minecraft:cherry_planks":13,"minecraft:magma_block":1,"minecraft:basalt":2,"minecraft:iron_door":1,"minecraft:water_bucket":1,"minecraft:andesite":12,"minecraft:leather":3,"minecraft:red_mushroom":2,"minecraft:birch_planks":16,"minecraft:flint":3,"minecraft:tuff":313,"minecraft:ancient_debris":13,"mca:book_romance":1,"minecraft:dirt":47,"minecraft:blue_bed":4,"minecraft:bone":3,"minecraft:apple":1,"minecraft:wheat_seeds":7,"minecraft:raw_gold":7,"minecraft:stone_pickaxe":2,"minecraft:iron_ingot":5,"minecraft:glowstone_dust":75,"minecraft:oak_planks":1,"minecraft:sweet_berries":17,"minecraft:gravel":44,"minecraft:spruce_sapling":12,"minecraft:spruce_log":125,"minecraft:diamond_block":2,"minecraft:spider_eye":2,"minecraft:spruce_boat":6,"minecraft:diamond":39,"minecraft:stone_axe":2,"minecraft:cracked_polished_blackstone_bricks":40,"minecraft:crossbow":1,"vanillaplustools:stone_hammer":8,"minecraft:cherry_sapling":44,"minecraft:coal":18,"minecraft:spruce_button":43,"minecraft:bread":107,"minecraft:warped_nylium":3,"minecraft:netherrack":734,"minecraft:black_wool":1,"minecraft:sunflower":6},"minecraft:crafted":{"minecraft:cherry_planks":172,"vanillaplustools:stone_hammer":1,"minecraft:spruce_button":22,"minecraft:furnace":2,"minecraft:diamond_block":1,"minecraft:flint_and_steel":1,"minecraft:netherite_chestplate":1,"minecraft:diamond":9,"minecraft:spruce_stairs":8,"minecraft:diamond_helmet":1,"minecraft:diamond_leggings":1,"minecraft:spruce_slab":24,"minecraft:cherry_stairs":4,"minecraft:stone_pickaxe":2,"minecraft:chest":1,"minecraft:diamond_boots":1,"minecraft:spruce_boat":1,"minecraft:netherite_scrap":13,"minecraft:golden_axe":2,"minecraft:diamond_sword":1,"minecraft:cooked_porkchop":6,"minecraft:crafting_table":11,"minecraft:spruce_planks":488,"minecraft:wooden_pickaxe":1,"minecraft:smithing_table":1,"minecraft:gold_block":2,"minecraft:bucket":2,"minecraft:glowstone":16,"minecraft:air":0,"minecraft:charcoal":2,"minecraft:diamond_pickaxe":1,"minecraft:shield":1,"minecraft:stick":12,"minecraft:iron_pickaxe":4,"minecraft:iron_ingot":16,"minecraft:cherry_door":3,"minecraft:gold_ingot":44,"minecraft:netherite_ingot":1,"minecraft:torch":8,"mca:wedding_ring":1,"minecraft:diamond_chestplate":1},"minecraft:killed":{"minecraft:vindicator":4,"minecraft:spider":13,"minecraft:phantom":2,"minecraft:skeleton":7,"minecraft:drowned":2,"minecraft:magma_cube":19,"minecraft:piglin":3,"minecraft:pig":15,"minecraft:zombie":24,"mca:female_villager":1,"minecraft:cow":2,"minecraft:enderman":3}},"DataVersion":3465}