{"stats":{"minecraft:custom":{"minecraft:interact_with_smithing_table":8,"minecraft:mob_kills":98,"minecraft:interact_with_crafting_table":59,"minecraft:fill_cauldron":3,"minecraft:damage_dealt_resisted":32,"minecraft:leave_game":10,"minecraft:time_since_death":356964,"minecraft:climb_one_cm":12463,"minecraft:damage_resisted":63,"minecraft:sprint_one_cm":688826,"minecraft:walk_one_cm":993145,"minecraft:damage_blocked_by_shield":585,"minecraft:drop":110,"minecraft:damage_dealt_absorbed":120,"minecraft:talked_to_villager":3,"minecraft:play_time":419146,"minecraft:sneak_time":10761,"minecraft:deaths":5,"minecraft:walk_under_water_one_cm":18817,"minecraft:boat_one_cm":116021,"minecraft:jump":7167,"minecraft:interact_with_blast_furnace":2,"minecraft:walk_on_water_one_cm":16626,"minecraft:total_world_time":419146,"minecraft:interact_with_furnace":59,"minecraft:sleep_in_bed":5,"minecraft:time_since_rest":14459,"minecraft:damage_taken":8244,"minecraft:damage_absorbed":160,"minecraft:damage_dealt":16161,"minecraft:swim_one_cm":24846,"minecraft:fly_one_cm":1273538,"minecraft:open_chest":128,"minecraft:crouch_one_cm":39354,"minecraft:fall_one_cm":225046,"minecraft:interact_with_smoker":1,"minecraft:use_cauldron":2,"minecraft:horse_one_cm":22},"minecraft:dropped":{"minecraft:water_bucket":1,"minecraft:iron_ingot":1,"minecraft:bread":8,"minecraft:wheat_seeds":7,"minecraft:crafting_table":1,"minecraft:spruce_button":42,"minecraft:red_mushroom":2,"minecraft:stick":7,"minecraft:cracked_polished_blackstone_bricks":6,"minecraft:dirt":15,"mca:book_romance":1,"minecraft:sunflower":4,"minecraft:polished_blackstone_bricks":5,"minecraft:string":7,"minecraft:pink_petals":1,"minecraft:spruce_sapling":1,"minecraft:bone":3,"minecraft:gravel":40,"minecraft:stone_axe":1,"minecraft:sweet_berries":2,"minecraft:blackstone":1,"minecraft:warped_nylium":2,"minecraft:netherite_ingot":1,"minecraft:cobbled_deepslate":1822,"minecraft:tuff":192,"minecraft:rotten_flesh":2,"minecraft:deepslate_bricks":2,"minecraft:diamond_sword":1,"minecraft:poppy":1,"minecraft:spruce_trapdoor":1,"minecraft:spruce_planks":1,"vanillaplustools:stone_hammer":2,"minecraft:spider_eye":2,"minecraft:spruce_slab":15,"minecraft:arrow":6,"minecraft:stone_pickaxe":2,"minecraft:wooden_pickaxe":3,"minecraft:crying_obsidian":5,"minecraft:netherrack":626},"minecraft:used":{"minecraft:cherry_sapling":18,"minecraft:flint_and_steel":2,"minecraft:armor_stand":1,"minecraft:spruce_slab":52,"minecraft:ladder":3,"minecraft:poppy":1,"minecraft:chest":9,"minecraft:spruce_planks":140,"minecraft:shield":8,"vanillaplustools:stone_hammer":396,"minecraft:rotten_flesh":19,"minecraft:netherrack":211,"minecraft:torch":79,"minecraft:dirt":52,"minecraft:spruce_stairs":11,"minecraft:carrot":5,"minecraft:golden_shovel":40,"minecraft:tuff":77,"minecraft:spruce_boat":8,"minecraft:lava_bucket":41,"minecraft:iron_axe":29,"minecraft:spruce_button":23,"minecraft:warped_nylium":1,"minecraft:glowstone":6,"minecraft:diamond_chestplate":1,"minecraft:magma_block":1,"minecraft:beef":2,"minecraft:sweet_berries":24,"minecraft:white_stained_glass_pane":8,"minecraft:furnace":11,"minecraft:gold_block":9,"minecraft:egg":2,"minecraft:cobbled_deepslate":51,"minecraft:enchanted_golden_apple":1,"minecraft:golden_axe":66,"minecraft:spruce_door":3,"minecraft:water_bucket":69,"minecraft:diamond_boots":1,"minecraft:oak_planks":1,"minecraft:stone_pickaxe":251,"minecraft:netherite_chestplate":2,"minecraft:wooden_pickaxe":51,"minecraft:cherry_planks":131,"minecraft:blue_bed":5,"minecraft:deepslate_bricks":11,"minecraft:polished_blackstone_bricks":11,"minecraft:diamond_block":1,"minecraft:crafting_table":22,"minecraft:spruce_log":3,"minecraft:diamond_pickaxe":366,"minecraft:black_wool":1,"minecraft:apple":4,"minecraft:cherry_door":5,"minecraft:sunflower":2,"minecraft:cracked_polished_blackstone_bricks":30,"minecraft:iron_pickaxe":501,"minecraft:bread":107,"minecraft:string":2,"minecraft:spruce_trapdoor":7,"minecraft:gravel":2,"minecraft:iron_door":1,"minecraft:spruce_sapling":4,"minecraft:stone_axe":130,"minecraft:pink_petals":61,"minecraft:cherry_stairs":6,"minecraft:diamond_sword":282,"minecraft:cobblestone":88,"minecraft:andesite":12,"minecraft:porkchop":5,"minecraft:cooked_porkchop":6,"minecraft:smithing_table":5,"minecraft:bucket":111},"minecraft:mined":{"minecraft:nether_gold_ore":62,"minecraft:tuff":254,"minecraft:spruce_planks":1,"minecraft:deepslate_diamond_ore":38,"minecraft:cherry_log":65,"minecraft:cherry_sapling":4,"minecraft:spruce_trapdoor":2,"minecraft:grass_block":50,"minecraft:cracked_polished_blackstone_bricks":34,"minecraft:deepslate_bricks":11,"minecraft:frosted_ice":2,"minecraft:polished_blackstone_bricks":20,"minecraft:magma_block":1,"minecraft:glowstone":26,"minecraft:furnace":10,"minecraft:iron_ore":5,"minecraft:cobbled_deepslate":3,"minecraft:fire":27,"minecraft:andesite":12,"minecraft:diamond_block":1,"minecraft:gold_block":24,"minecraft:dirt_path":2,"minecraft:deepslate_iron_ore":24,"minecraft:stone":61,"minecraft:cherry_stairs":2,"minecraft:spruce_slab":12,"minecraft:smithing_table":4,"minecraft:cherry_planks":23,"minecraft:glass_pane":1,"minecraft:blackstone":10,"minecraft:basalt":2,"minecraft:crafting_table":11,"minecraft:torch":5,"minecraft:chest":1,"minecraft:nether_quartz_ore":6,"minecraft:tall_grass":10,"minecraft:cobblestone":19,"minecraft:deepslate_gold_ore":5,"minecraft:oak_planks":1,"minecraft:sugar_cane":12,"minecraft:iron_door":1,"minecraft:blue_bed":4,"minecraft:wall_torch":6,"mca:cross_headstone":1,"minecraft:pink_petals":35,"minecraft:spruce_stairs":3,"minecraft:spruce_log":148,"minecraft:cherry_door":2,"minecraft:grass":40,"minecraft:cherry_leaves":1,"minecraft:coal_ore":18,"minecraft:gravel":46,"minecraft:dirt":16,"minecraft:sand":37,"minecraft:sunflower":3,"minecraft:ancient_debris":13,"minecraft:netherrack":1474,"minecraft:gold_ore":2,"minecraft:oak_leaves":2,"minecraft:deepslate":2381},"minecraft:broken":{"minecraft:golden_shovel":1,"minecraft:stone_pickaxe":1,"minecraft:golden_axe":2,"vanillaplustools:stone_hammer":2,"minecraft:iron_axe":1,"minecraft:stone_axe":1},"minecraft:picked_up":{"minecraft:crafting_table":13,"minecraft:smithing_table":4,"minecraft:diamond_sword":2,"minecraft:wooden_pickaxe":3,"minecraft:gold_block":22,"minecraft:string":9,"simpleradio:transceiver":2,"minecraft:armor_stand":2,"minecraft:blackstone":5,"minecraft:diamond_leggings":1,"minecraft:gold_nugget":252,"minecraft:cobbled_deepslate":1947,"minecraft:spruce_planks":171,"minecraft:beef":2,"minecraft:poppy":2,"minecraft:spruce_slab":32,"minecraft:sugar_cane":30,"minecraft:chest":1,"minecraft:spruce_trapdoor":3,"minecraft:furnace":10,"minecraft:egg":1,"minecraft:stick":30,"minecraft:raw_iron":29,"minecraft:cherry_stairs":2,"minecraft:torch":134,"minecraft:spruce_stairs":3,"minecraft:porkchop":32,"minecraft:polished_blackstone_bricks":24,"minecraft:cherry_log":45,"minecraft:carrot":3,"minecraft:arrow":12,"minecraft:rotten_flesh":21,"minecraft:diamond_chestplate":1,"minecraft:deepslate_bricks":13,"minecraft:gold_ingot":4,"minecraft:cobblestone":100,"minecraft:pink_petals":86,"minecraft:magma_block":1,"minecraft:basalt":2,"minecraft:cherry_planks":29,"minecraft:iron_door":1,"minecraft:water_bucket":1,"minecraft:andesite":12,"minecraft:leather":3,"minecraft:red_mushroom":2,"minecraft:birch_planks":16,"minecraft:flint":3,"minecraft:tuff":313,"minecraft:ancient_debris":13,"mca:book_romance":1,"minecraft:cherry_door":2,"minecraft:dirt":71,"minecraft:blue_bed":5,"minecraft:bone":7,"minecraft:apple":1,"minecraft:wheat_seeds":10,"minecraft:raw_gold":7,"minecraft:iron_ingot":5,"minecraft:stone_pickaxe":2,"mca:villager_editor":1,"minecraft:glowstone_dust":75,"minecraft:oak_planks":1,"minecraft:sweet_berries":17,"minecraft:gravel":44,"minecraft:sand":80,"minecraft:spruce_sapling":12,"minecraft:spruce_door":1,"minecraft:spruce_log":125,"minecraft:diamond_block":2,"minecraft:spider_eye":2,"minecraft:spruce_boat":8,"minecraft:diamond":39,"minecraft:stone_axe":2,"minecraft:cracked_polished_blackstone_bricks":40,"minecraft:crossbow":2,"vanillaplustools:stone_hammer":8,"minecraft:cherry_sapling":44,"minecraft:spruce_button":43,"minecraft:bread":115,"minecraft:warped_nylium":3,"minecraft:netherrack":734,"minecraft:black_wool":1,"minecraft:coal":18,"minecraft:sunflower":6},"minecraft:crafted":{"minecraft:cherry_planks":172,"vanillaplustools:stone_hammer":1,"minecraft:spruce_button":22,"minecraft:furnace":2,"minecraft:bone_meal":6,"minecraft:glass_pane":16,"minecraft:flint_and_steel":1,"minecraft:diamond_block":1,"minecraft:netherite_chestplate":1,"minecraft:glass":16,"minecraft:diamond":9,"minecraft:spruce_stairs":8,"minecraft:diamond_helmet":1,"minecraft:diamond_leggings":1,"minecraft:ladder":6,"minecraft:spruce_slab":48,"minecraft:cherry_stairs":4,"minecraft:stone_pickaxe":2,"minecraft:chest":8,"minecraft:diamond_boots":1,"minecraft:spruce_boat":1,"minecraft:netherite_scrap":13,"minecraft:golden_axe":2,"minecraft:diamond_sword":1,"minecraft:cooked_porkchop":6,"minecraft:crafting_table":11,"minecraft:spruce_planks":488,"minecraft:wooden_pickaxe":1,"minecraft:spruce_door":3,"minecraft:smithing_table":1,"minecraft:golden_shovel":1,"minecraft:gold_block":2,"minecraft:bucket":2,"minecraft:glowstone":16,"minecraft:white_stained_glass_pane":16,"minecraft:air":0,"minecraft:spruce_trapdoor":6,"minecraft:diamond_pickaxe":1,"minecraft:charcoal":2,"minecraft:shield":1,"minecraft:white_dye":6,"minecraft:stick":20,"minecraft:iron_ingot":16,"minecraft:iron_pickaxe":4,"minecraft:cherry_door":3,"minecraft:gold_ingot":44,"minecraft:netherite_ingot":1,"minecraft:torch":8,"mca:wedding_ring":1,"minecraft:diamond_chestplate":1},"minecraft:killed":{"minecraft:spider":13,"minecraft:vindicator":4,"minecraft:phantom":2,"minecraft:skeleton":7,"minecraft:drowned":2,"minecraft:magma_cube":19,"minecraft:piglin":3,"minecraft:pig":16,"minecraft:zombie":25,"mca:female_villager":1,"minecraft:enderman":3,"minecraft:cow":2}},"DataVersion":3465}