{"stats":{"minecraft:mined":{"minecraft:tuff":94,"minecraft:glass_pane":1,"minecraft:deepslate_diamond_ore":35,"minecraft:crafting_table":3,"minecraft:grass_block":1,"minecraft:deepslate_bricks":3,"minecraft:furnace":1,"minecraft:fire":3,"minecraft:cobbled_deepslate":3,"minecraft:spruce_log":77,"minecraft:diamond_block":1,"minecraft:deepslate_iron_ore":6,"minecraft:gravel":2,"minecraft:deepslate":1396},"minecraft:broken":{"minecraft:iron_axe":1},"minecraft:crafted":{"minecraft:diamond_sword":1,"minecraft:crafting_table":4,"minecraft:spruce_planks":216,"minecraft:wooden_pickaxe":1,"minecraft:furnace":1,"minecraft:bucket":1,"minecraft:air":0,"minecraft:diamond_block":1,"minecraft:diamond_leggings":1,"minecraft:stick":8,"minecraft:iron_ingot":3,"minecraft:iron_pickaxe":1,"minecraft:stone_pickaxe":1,"minecraft:diamond_chestplate":1},"minecraft:custom":{"minecraft:interact_with_furnace":13,"minecraft:interact_with_crafting_table":10,"minecraft:leave_game":2,"minecraft:time_since_death":32844,"minecraft:climb_one_cm":7404,"minecraft:time_since_rest":32871,"minecraft:sprint_one_cm":77649,"minecraft:damage_taken":1830,"minecraft:walk_one_cm":178370,"minecraft:drop":25,"minecraft:damage_dealt":32,"minecraft:talked_to_villager":1,"minecraft:fly_one_cm":125492,"minecraft:open_chest":34,"minecraft:crouch_one_cm":956,"minecraft:play_time":60112,"minecraft:deaths":4,"minecraft:sneak_time":276,"minecraft:jump":654,"minecraft:interact_with_blast_furnace":2,"minecraft:walk_on_water_one_cm":340,"minecraft:interact_with_smoker":1,"minecraft:total_world_time":60112,"minecraft:fall_one_cm":24838},"minecraft:dropped":{"minecraft:stone_axe":1,"minecraft:sweet_berries":2,"minecraft:cobbled_deepslate":960,"minecraft:crafting_table":1,"minecraft:stick":1,"mca:book_romance":1,"vanillaplustools:stone_hammer":2,"minecraft:stone_pickaxe":1,"minecraft:wooden_pickaxe":2},"minecraft:used":{"minecraft:water_bucket":7,"minecraft:armor_stand":1,"minecraft:stone_pickaxe":41,"minecraft:spruce_planks":27,"minecraft:wooden_pickaxe":3,"vanillaplustools:stone_hammer":160,"minecraft:rotten_flesh":2,"minecraft:deepslate_bricks":3,"minecraft:torch":5,"minecraft:diamond_block":1,"minecraft:dirt":1,"minecraft:crafting_table":6,"minecraft:lava_bucket":10,"minecraft:iron_axe":29,"minecraft:iron_pickaxe":144,"minecraft:stone_axe":51,"minecraft:diamond_chestplate":1,"minecraft:sweet_berries":24,"minecraft:furnace":1,"minecraft:bucket":18,"minecraft:cobbled_deepslate":10},"minecraft:picked_up":{"minecraft:crafting_table":3,"minecraft:water_bucket":1,"minecraft:wooden_pickaxe":2,"minecraft:birch_planks":2,"minecraft:tuff":91,"mca:book_romance":1,"minecraft:dirt":1,"simpleradio:transceiver":2,"minecraft:armor_stand":2,"minecraft:cobbled_deepslate":1044,"minecraft:iron_ingot":3,"minecraft:stone_pickaxe":1,"minecraft:furnace":1,"minecraft:stick":1,"minecraft:raw_iron":6,"minecraft:sweet_berries":17,"minecraft:torch":64,"minecraft:gravel":2,"minecraft:spruce_sapling":7,"minecraft:spruce_log":54,"minecraft:diamond_block":1,"minecraft:rotten_flesh":2,"minecraft:diamond":36,"minecraft:stone_axe":1,"minecraft:deepslate_bricks":3,"vanillaplustools:stone_hammer":5,"minecraft:cobblestone":1}},"DataVersion":3465}