{"stats":{"minecraft:mined":{"minecraft:tuff":94,"minecraft:spruce_planks":1,"minecraft:glass_pane":1,"minecraft:deepslate_diamond_ore":35,"minecraft:crafting_table":4,"minecraft:grass_block":1,"minecraft:deepslate_bricks":3,"minecraft:tall_grass":1,"minecraft:iron_door":1,"minecraft:blue_bed":2,"minecraft:furnace":1,"minecraft:cobbled_deepslate":3,"minecraft:fire":9,"minecraft:spruce_log":77,"minecraft:diamond_block":1,"minecraft:deepslate_iron_ore":6,"minecraft:gravel":2,"minecraft:stone":18,"minecraft:netherrack":3,"minecraft:deepslate":1399},"minecraft:broken":{"minecraft:iron_axe":1},"minecraft:crafted":{"minecraft:diamond_sword":1,"minecraft:crafting_table":5,"minecraft:spruce_planks":216,"minecraft:spruce_button":1,"minecraft:wooden_pickaxe":1,"minecraft:furnace":1,"minecraft:bucket":1,"minecraft:air":0,"minecraft:diamond_block":1,"minecraft:diamond":9,"minecraft:diamond_helmet":1,"minecraft:diamond_leggings":1,"minecraft:stick":8,"minecraft:iron_ingot":3,"minecraft:iron_pickaxe":1,"minecraft:stone_pickaxe":1,"minecraft:diamond_boots":1,"minecraft:diamond_chestplate":1},"minecraft:custom":{"minecraft:interact_with_furnace":13,"minecraft:interact_with_crafting_table":11,"minecraft:damage_dealt_resisted":32,"minecraft:leave_game":4,"minecraft:time_since_death":19825,"minecraft:sleep_in_bed":1,"minecraft:climb_one_cm":7404,"minecraft:time_since_rest":6217,"minecraft:sprint_one_cm":94219,"minecraft:damage_taken":2897,"minecraft:walk_one_cm":225380,"minecraft:drop":26,"minecraft:damage_dealt":81,"minecraft:talked_to_villager":1,"minecraft:fly_one_cm":152317,"minecraft:open_chest":34,"minecraft:crouch_one_cm":2814,"minecraft:play_time":82007,"minecraft:deaths":5,"minecraft:sneak_time":783,"minecraft:jump":899,"minecraft:interact_with_blast_furnace":2,"minecraft:walk_on_water_one_cm":340,"minecraft:interact_with_smoker":1,"minecraft:total_world_time":82007,"minecraft:fall_one_cm":31311},"minecraft:dropped":{"minecraft:water_bucket":1,"minecraft:stone_axe":1,"minecraft:sweet_berries":2,"minecraft:cobbled_deepslate":960,"minecraft:crafting_table":1,"minecraft:stick":1,"mca:book_romance":1,"vanillaplustools:stone_hammer":2,"minecraft:stone_pickaxe":1,"minecraft:wooden_pickaxe":2},"minecraft:used":{"minecraft:water_bucket":12,"minecraft:diamond_boots":1,"minecraft:armor_stand":1,"minecraft:stone_pickaxe":55,"minecraft:spruce_planks":47,"minecraft:wooden_pickaxe":3,"vanillaplustools:stone_hammer":162,"minecraft:blue_bed":2,"minecraft:deepslate_bricks":3,"minecraft:rotten_flesh":2,"minecraft:torch":5,"minecraft:diamond_block":1,"minecraft:dirt":1,"minecraft:crafting_table":7,"minecraft:carrot":3,"minecraft:black_wool":1,"minecraft:lava_bucket":17,"minecraft:iron_axe":29,"minecraft:bread":6,"minecraft:spruce_button":2,"minecraft:iron_pickaxe":144,"minecraft:iron_door":1,"minecraft:gravel":2,"minecraft:stone_axe":52,"minecraft:diamond_chestplate":1,"minecraft:diamond_sword":6,"minecraft:sweet_berries":24,"minecraft:furnace":1,"minecraft:bucket":29,"minecraft:cobbled_deepslate":10},"minecraft:picked_up":{"minecraft:crafting_table":4,"minecraft:iron_door":1,"minecraft:water_bucket":1,"minecraft:wooden_pickaxe":3,"minecraft:diamond_sword":1,"minecraft:birch_planks":12,"minecraft:tuff":155,"mca:book_romance":1,"minecraft:blue_bed":3,"minecraft:dirt":1,"simpleradio:transceiver":2,"minecraft:armor_stand":2,"minecraft:diamond_leggings":1,"minecraft:cobbled_deepslate":1044,"minecraft:spruce_planks":170,"minecraft:iron_ingot":3,"minecraft:stone_pickaxe":2,"minecraft:egg":1,"minecraft:furnace":1,"minecraft:stick":2,"minecraft:raw_iron":6,"minecraft:sweet_berries":17,"minecraft:torch":123,"minecraft:gravel":4,"minecraft:spruce_sapling":7,"minecraft:carrot":3,"minecraft:spruce_log":54,"minecraft:diamond_block":2,"minecraft:rotten_flesh":5,"minecraft:diamond_chestplate":1,"minecraft:diamond":36,"minecraft:stone_axe":2,"minecraft:deepslate_bricks":3,"vanillaplustools:stone_hammer":8,"minecraft:spruce_button":1,"minecraft:bread":13,"minecraft:netherrack":8,"minecraft:black_wool":1,"minecraft:cobblestone":22}},"DataVersion":3465}