{"stats":{"minecraft:killed":{"minecraft:pig":1,"minecraft:spider":3,"minecraft:skeleton":2,"minecraft:zombie":5,"minecraft:cow":1},"minecraft:mined":{"minecraft:tuff":105,"minecraft:spruce_planks":1,"minecraft:glass_pane":1,"minecraft:deepslate_diamond_ore":35,"minecraft:crafting_table":5,"minecraft:grass_block":1,"minecraft:cobblestone":3,"minecraft:deepslate_bricks":5,"minecraft:tall_grass":4,"minecraft:iron_door":1,"minecraft:blue_bed":2,"minecraft:furnace":1,"minecraft:cobbled_deepslate":3,"minecraft:fire":9,"minecraft:spruce_log":148,"minecraft:diamond_block":1,"minecraft:grass":8,"minecraft:deepslate_iron_ore":10,"minecraft:gravel":4,"minecraft:stone":18,"minecraft:netherrack":3,"minecraft:deepslate":1970},"minecraft:broken":{"minecraft:iron_axe":1},"minecraft:crafted":{"minecraft:diamond_sword":1,"minecraft:crafting_table":6,"minecraft:spruce_planks":232,"minecraft:spruce_button":1,"minecraft:wooden_pickaxe":1,"minecraft:furnace":2,"minecraft:bucket":2,"minecraft:air":0,"minecraft:diamond_block":1,"minecraft:diamond":9,"minecraft:diamond_helmet":1,"minecraft:diamond_leggings":1,"minecraft:stick":8,"minecraft:iron_ingot":6,"minecraft:iron_pickaxe":1,"minecraft:stone_pickaxe":1,"minecraft:diamond_boots":1,"minecraft:diamond_chestplate":1},"minecraft:custom":{"minecraft:interact_with_furnace":17,"minecraft:mob_kills":12,"minecraft:interact_with_crafting_table":15,"minecraft:damage_dealt_resisted":32,"minecraft:leave_game":4,"minecraft:time_since_death":61825,"minecraft:sleep_in_bed":1,"minecraft:climb_one_cm":7404,"minecraft:time_since_rest":48217,"minecraft:sprint_one_cm":169421,"minecraft:damage_taken":3585,"minecraft:walk_one_cm":325320,"minecraft:drop":42,"minecraft:damage_dealt":2126,"minecraft:talked_to_villager":1,"minecraft:fly_one_cm":262089,"minecraft:open_chest":84,"minecraft:crouch_one_cm":3039,"minecraft:play_time":124007,"minecraft:deaths":5,"minecraft:sneak_time":952,"minecraft:walk_under_water_one_cm":5657,"minecraft:jump":1514,"minecraft:interact_with_blast_furnace":2,"minecraft:walk_on_water_one_cm":1196,"minecraft:interact_with_smoker":1,"minecraft:total_world_time":124007,"minecraft:fall_one_cm":49803,"minecraft:horse_one_cm":8},"minecraft:dropped":{"minecraft:water_bucket":1,"minecraft:stone_axe":1,"minecraft:sweet_berries":2,"minecraft:wheat_seeds":1,"minecraft:cobbled_deepslate":1502,"minecraft:crafting_table":1,"minecraft:stick":1,"minecraft:deepslate_bricks":2,"mca:book_romance":1,"vanillaplustools:stone_hammer":2,"minecraft:spider_eye":1,"minecraft:stone_pickaxe":1,"minecraft:wooden_pickaxe":2,"minecraft:string":2,"minecraft:spruce_sapling":1},"minecraft:used":{"minecraft:water_bucket":12,"minecraft:diamond_boots":1,"minecraft:armor_stand":1,"minecraft:stone_pickaxe":66,"minecraft:spruce_planks":47,"minecraft:wooden_pickaxe":3,"vanillaplustools:stone_hammer":231,"minecraft:blue_bed":2,"minecraft:deepslate_bricks":5,"minecraft:rotten_flesh":8,"minecraft:torch":64,"minecraft:diamond_block":1,"minecraft:dirt":1,"minecraft:crafting_table":9,"minecraft:carrot":5,"minecraft:tuff":8,"minecraft:spruce_log":3,"minecraft:apple":1,"minecraft:black_wool":1,"minecraft:lava_bucket":17,"minecraft:iron_axe":29,"minecraft:bread":21,"minecraft:spruce_button":2,"minecraft:iron_pickaxe":144,"minecraft:spruce_sapling":4,"minecraft:iron_door":1,"minecraft:gravel":2,"minecraft:stone_axe":124,"minecraft:diamond_chestplate":1,"minecraft:diamond_sword":44,"minecraft:beef":1,"minecraft:sweet_berries":24,"minecraft:porkchop":2,"minecraft:furnace":2,"minecraft:bucket":29,"minecraft:egg":2,"minecraft:cobbled_deepslate":10},"minecraft:picked_up":{"minecraft:crafting_table":5,"minecraft:iron_door":1,"minecraft:water_bucket":1,"minecraft:leather":2,"minecraft:wooden_pickaxe":3,"minecraft:diamond_sword":1,"minecraft:birch_planks":12,"minecraft:flint":1,"minecraft:tuff":166,"minecraft:string":2,"mca:book_romance":1,"minecraft:blue_bed":3,"minecraft:dirt":1,"simpleradio:transceiver":2,"minecraft:armor_stand":2,"minecraft:apple":1,"minecraft:wheat_seeds":2,"minecraft:diamond_leggings":1,"minecraft:beef":1,"minecraft:cobbled_deepslate":1586,"minecraft:spruce_planks":170,"minecraft:iron_ingot":3,"minecraft:stone_pickaxe":2,"minecraft:egg":1,"minecraft:furnace":1,"minecraft:stick":5,"minecraft:raw_iron":10,"minecraft:sweet_berries":17,"minecraft:torch":123,"minecraft:porkchop":2,"minecraft:gravel":5,"minecraft:spruce_sapling":12,"minecraft:carrot":3,"minecraft:spruce_log":125,"minecraft:spider_eye":1,"minecraft:diamond_block":2,"minecraft:rotten_flesh":8,"minecraft:diamond_chestplate":1,"minecraft:diamond":36,"minecraft:stone_axe":2,"minecraft:deepslate_bricks":7,"vanillaplustools:stone_hammer":8,"minecraft:spruce_button":1,"minecraft:bread":77,"minecraft:netherrack":8,"minecraft:black_wool":1,"minecraft:cobblestone":25}},"DataVersion":3465}