{"stats":{"minecraft:killed":{"minecraft:spider":14,"minecraft:skeleton":18,"minecraft:magma_cube":19,"minecraft:piglin":3,"minecraft:pig":24,"minecraft:iron_golem":2,"minecraft:creeper":4,"minecraft:sheep":4,"minecraft:trader_llama":1,"minecraft:zombie":56,"cave_dweller:cave_dweller":1,"minecraft:cow":19,"minecraft:vindicator":4,"minecraft:phantom":4,"minecraft:drowned":2,"minecraft:wandering_trader":1,"mca:female_villager":1,"minecraft:enderman":3},"minecraft:broken":{"minecraft:golden_shovel":5,"minecraft:stone_pickaxe":1,"minecraft:stone_axe":1,"minecraft:golden_axe":4,"vanillaplustools:stone_hammer":2,"minecraft:iron_axe":1},"minecraft:crafted":{"minecraft:cooked_mutton":6,"minecraft:warped_planks":84,"minecraft:glass":16,"minecraft:diamond_helmet":1,"minecraft:diamond_leggings":1,"minecraft:chest":11,"minecraft:warped_stairs":48,"minecraft:golden_axe":6,"minecraft:wooden_shovel":1,"minecraft:cooked_porkchop":24,"minecraft:crafting_table":14,"minecraft:spruce_planks":488,"minecraft:wooden_pickaxe":1,"minecraft:spruce_door":3,"minecraft:smithing_table":1,"minecraft:gold_block":2,"minecraft:white_stained_glass_pane":16,"minecraft:spruce_trapdoor":6,"minecraft:diamond_pickaxe":1,"minecraft:charcoal":2,"minecraft:shield":1,"minecraft:stick":32,"minecraft:iron_ingot":47,"minecraft:iron_pickaxe":4,"minecraft:gold_ingot":62,"minecraft:netherite_ingot":1,"minecraft:shears":1,"minecraft:cherry_planks":172,"vanillaplustools:stone_hammer":1,"minecraft:spruce_button":22,"minecraft:furnace":5,"minecraft:bone_meal":6,"minecraft:spruce_fence":3,"minecraft:diamond_block":1,"minecraft:glass_pane":16,"minecraft:flint_and_steel":1,"minecraft:netherite_chestplate":1,"minecraft:diamond":9,"minecraft:spruce_stairs":8,"minecraft:ladder":6,"minecraft:spruce_slab":48,"minecraft:cherry_stairs":4,"minecraft:stone_pickaxe":2,"minecraft:diamond_boots":1,"minecraft:spruce_boat":1,"minecraft:netherite_scrap":13,"minecraft:wheat":360,"minecraft:cooked_beef":9,"minecraft:diamond_sword":1,"minecraft:spruce_sign":6,"minecraft:golden_shovel":11,"minecraft:bucket":2,"minecraft:glowstone":16,"minecraft:bread":128,"minecraft:air":0,"minecraft:white_dye":6,"minecraft:cherry_door":3,"minecraft:torch":8,"mca:wedding_ring":2,"minecraft:diamond_chestplate":1},"minecraft:picked_up":{"minecraft:wheat":26,"minecraft:smithing_table":5,"minecraft:lead":2,"minecraft:diamond_sword":3,"minecraft:warped_stairs":21,"minecraft:string":9,"minecraft:armor_stand":2,"minecraft:diamond_leggings":2,"minecraft:gold_nugget":259,"minecraft:cobbled_deepslate":1967,"minecraft:spruce_planks":173,"minecraft:iron_pickaxe":1,"minecraft:furnace":12,"minecraft:stick":46,"minecraft:torch":160,"minecraft:spruce_stairs":3,"minecraft:porkchop":50,"minecraft:cherry_log":54,"minecraft:diorite":13,"minecraft:warped_planks":11,"minecraft:rotten_flesh":46,"minecraft:obsidian":9,"minecraft:cobblestone":198,"minecraft:pink_petals":118,"minecraft:magma_block":1,"minecraft:cooked_beef":7,"minecraft:cherry_planks":29,"minecraft:iron_door":1,"minecraft:water_bucket":2,"minecraft:andesite":28,"minecraft:potato":12,"minecraft:flint":25,"minecraft:tuff":313,"minecraft:cherry_door":2,"minecraft:dirt":109,"minecraft:bone":10,"minecraft:wheat_seeds":102,"minecraft:raw_gold":9,"minecraft:glowstone_dust":75,"minecraft:diamond_helmet":1,"minecraft:oak_planks":1,"minecraft:cooked_porkchop":18,"minecraft:sand":177,"minecraft:diamond_block":2,"minecraft:diamond":47,"minecraft:spruce_boat":11,"minecraft:cracked_polished_blackstone_bricks":40,"minecraft:crossbow":2,"minecraft:granite":30,"minecraft:spruce_button":43,"minecraft:spruce_sign":2,"minecraft:bread":115,"minecraft:oak_sapling":19,"minecraft:netherrack":740,"minecraft:diamond_pickaxe":1,"minecraft:crafting_table":18,"minecraft:wooden_pickaxe":3,"minecraft:gold_block":26,"minecraft:shield":1,"simpleradio:transceiver":2,"minecraft:blackstone":5,"minecraft:cracked_stone_bricks":3,"minecraft:beef":39,"minecraft:poppy":2,"minecraft:spruce_slab":32,"minecraft:sugar_cane":107,"minecraft:chest":4,"minecraft:spruce_trapdoor":3,"minecraft:phantom_membrane":2,"minecraft:egg":1,"minecraft:raw_iron":100,"minecraft:cherry_stairs":2,"minecraft:polished_blackstone_bricks":24,"minecraft:carrot":4,"minecraft:arrow":20,"minecraft:diamond_chestplate":1,"minecraft:peony":1,"minecraft:hay_block":41,"minecraft:deepslate_bricks":15,"minecraft:diamond_boots":1,"minecraft:gold_ingot":4,"minecraft:mutton":6,"minecraft:white_wool":50,"minecraft:rail":6,"minecraft:basalt":2,"minecraft:leather":21,"minecraft:red_mushroom":2,"minecraft:birch_planks":16,"minecraft:oak_log":68,"minecraft:ancient_debris":13,"minecraft:gunpowder":3,"mca:book_romance":1,"minecraft:blue_bed":5,"minecraft:apple":4,"minecraft:stone_bricks":2,"minecraft:warped_stem":21,"minecraft:iron_ingot":16,"minecraft:stone_pickaxe":2,"mca:villager_editor":3,"minecraft:sweet_berries":17,"minecraft:stone_brick_slab":2,"minecraft:quartz":15,"minecraft:gravel":174,"minecraft:spruce_sapling":12,"minecraft:spruce_log":125,"minecraft:crying_obsidian":1,"minecraft:spruce_door":1,"minecraft:spider_eye":2,"minecraft:stone_axe":2,"vanillaplustools:stone_hammer":8,"minecraft:cherry_sapling":48,"minecraft:baked_potato":2,"minecraft:black_wool":1,"minecraft:warped_nylium":3,"minecraft:coal":33,"minecraft:sunflower":6},"minecraft:mined":{"minecraft:spruce_planks":2,"minecraft:cherry_log":65,"minecraft:warped_stairs":22,"minecraft:obsidian":9,"minecraft:spruce_trapdoor":2,"minecraft:granite":31,"minecraft:grass_block":61,"minecraft:cracked_polished_blackstone_bricks":34,"minecraft:deepslate_bricks":13,"minecraft:frosted_ice":2,"minecraft:spawner":1,"minecraft:polished_blackstone_bricks":20,"minecraft:magma_block":1,"minecraft:glowstone":26,"minecraft:iron_ore":66,"minecraft:cobbled_deepslate":8,"minecraft:fire":27,"minecraft:dirt_path":2,"minecraft:spruce_slab":12,"minecraft:blackstone":10,"minecraft:torch":6,"minecraft:chest":4,"minecraft:spruce_wall_sign":2,"minecraft:nether_quartz_ore":21,"minecraft:cobblestone":19,"minecraft:sugar_cane":45,"minecraft:oak_planks":1,"minecraft:iron_door":1,"minecraft:wall_torch":10,"mca:cross_headstone":1,"minecraft:pink_petals":39,"minecraft:seagrass":1,"minecraft:warped_planks":11,"minecraft:wheat":26,"minecraft:cherry_door":2,"minecraft:grass":66,"minecraft:oak_log":68,"minecraft:sand":134,"minecraft:dirt":30,"minecraft:netherrack":1482,"minecraft:ancient_debris":13,"minecraft:oak_leaves":3,"minecraft:deepslate":2387,"minecraft:nether_gold_ore":64,"minecraft:crying_obsidian":1,"minecraft:tuff":254,"minecraft:deepslate_diamond_ore":44,"minecraft:cherry_sapling":8,"minecraft:hay_block":40,"minecraft:furnace":12,"minecraft:nether_sprouts":1,"minecraft:andesite":28,"minecraft:diamond_block":1,"minecraft:peony":1,"minecraft:gold_block":29,"minecraft:deepslate_iron_ore":35,"minecraft:warped_stem":21,"minecraft:stone":152,"minecraft:cherry_stairs":2,"minecraft:white_wool":9,"minecraft:smithing_table":5,"minecraft:glass_pane":1,"minecraft:cherry_planks":23,"minecraft:basalt":2,"minecraft:stone_brick_slab":2,"minecraft:crafting_table":16,"minecraft:tall_grass":10,"minecraft:deepslate_gold_ore":7,"minecraft:diorite":13,"minecraft:blue_bed":4,"minecraft:spruce_stairs":3,"minecraft:spruce_log":148,"minecraft:coal_ore":33,"minecraft:cherry_leaves":1,"minecraft:sunflower":3,"minecraft:gravel":201,"minecraft:cracked_stone_bricks":3,"minecraft:stone_bricks":2,"minecraft:gold_ore":2},"minecraft:dropped":{"minecraft:crafting_table":1,"minecraft:crossbow":1,"minecraft:red_mushroom":2,"minecraft:cracked_polished_blackstone_bricks":6,"minecraft:dirt":15,"minecraft:sunflower":4,"minecraft:polished_blackstone_bricks":5,"minecraft:iron_pickaxe":1,"minecraft:bone":5,"minecraft:gravel":40,"minecraft:stone_axe":1,"minecraft:blackstone":1,"minecraft:cobbled_deepslate":1822,"minecraft:rotten_flesh":3,"minecraft:poppy":1,"mca:villager_editor":1,"vanillaplustools:stone_hammer":2,"minecraft:spruce_slab":15,"minecraft:arrow":6,"minecraft:crying_obsidian":5,"minecraft:netherrack":629,"minecraft:water_bucket":1,"minecraft:iron_ingot":2,"minecraft:bread":8,"minecraft:wheat_seeds":73,"minecraft:cherry_log":9,"minecraft:spruce_button":42,"minecraft:stick":7,"mca:book_romance":1,"minecraft:string":7,"minecraft:pink_petals":1,"minecraft:spruce_sapling":1,"minecraft:sweet_berries":2,"minecraft:warped_nylium":2,"minecraft:netherite_ingot":1,"minecraft:tuff":192,"mca:book_family":1,"minecraft:deepslate_bricks":2,"minecraft:diamond_sword":1,"minecraft:hay_block":1,"minecraft:spruce_trapdoor":1,"minecraft:spruce_planks":1,"minecraft:andesite":1,"minecraft:wooden_shovel":1,"minecraft:spider_eye":2,"minecraft:stone_pickaxe":2,"minecraft:wooden_pickaxe":3},"minecraft:used":{"minecraft:peony":1,"minecraft:cherry_sapling":22,"minecraft:spruce_slab":52,"minecraft:ladder":3,"minecraft:poppy":1,"minecraft:chest":13,"minecraft:shield":25,"minecraft:rotten_flesh":41,"minecraft:carrot":5,"minecraft:tuff":77,"minecraft:obsidian":8,"minecraft:spruce_boat":11,"minecraft:lava_bucket":41,"minecraft:warped_nylium":1,"minecraft:stone_bricks":2,"minecraft:magma_block":1,"minecraft:sweet_berries":24,"minecraft:oak_sapling":19,"minecraft:furnace":16,"minecraft:gold_block":10,"minecraft:egg":2,"minecraft:diorite":4,"minecraft:diamond_boots":2,"minecraft:spruce_door":3,"minecraft:stone_pickaxe":251,"minecraft:oak_planks":1,"minecraft:wooden_pickaxe":51,"minecraft:blue_bed":5,"minecraft:sugar_cane":4,"minecraft:white_wool":10,"minecraft:sand":1,"minecraft:shears":8,"minecraft:crying_obsidian":1,"minecraft:string":2,"minecraft:bread":151,"minecraft:iron_door":1,"minecraft:gravel":2,"minecraft:diamond_sword":551,"minecraft:smithing_table":6,"minecraft:andesite":25,"minecraft:flint_and_steel":5,"minecraft:armor_stand":1,"minecraft:spruce_planks":150,"vanillaplustools:stone_hammer":396,"minecraft:wooden_shovel":25,"minecraft:netherrack":213,"minecraft:torch":102,"minecraft:dirt":90,"minecraft:spruce_stairs":11,"minecraft:diamond_helmet":1,"minecraft:golden_shovel":267,"minecraft:granite":3,"minecraft:spruce_fence":3,"minecraft:stone_brick_slab":2,"minecraft:iron_axe":29,"minecraft:spruce_button":23,"minecraft:diamond_chestplate":1,"minecraft:glowstone":6,"minecraft:warped_stairs":66,"minecraft:beef":2,"minecraft:white_stained_glass_pane":8,"minecraft:cooked_beef":9,"minecraft:cobbled_deepslate":59,"minecraft:enchanted_golden_apple":1,"minecraft:golden_axe":171,"minecraft:wheat_seeds":26,"minecraft:cooked_mutton":3,"minecraft:water_bucket":94,"minecraft:netherite_chestplate":2,"minecraft:baked_potato":2,"minecraft:cherry_planks":131,"minecraft:spruce_sign":4,"minecraft:deepslate_bricks":13,"minecraft:polished_blackstone_bricks":11,"minecraft:cracked_stone_bricks":3,"minecraft:diamond_block":1,"minecraft:crafting_table":29,"minecraft:spruce_log":3,"minecraft:warped_planks":23,"minecraft:oak_log":4,"minecraft:diamond_pickaxe":564,"minecraft:black_wool":1,"minecraft:apple":4,"minecraft:cherry_door":5,"minecraft:sunflower":2,"minecraft:cracked_polished_blackstone_bricks":30,"minecraft:iron_pickaxe":616,"minecraft:spruce_trapdoor":7,"minecraft:spruce_sapling":4,"minecraft:stone_axe":130,"minecraft:pink_petals":63,"minecraft:cherry_stairs":6,"minecraft:cobblestone":105,"minecraft:porkchop":8,"minecraft:cooked_porkchop":17,"minecraft:bucket":136,"minecraft:diamond_leggings":1},"minecraft:custom":{"minecraft:interact_with_crafting_table":89,"minecraft:leave_game":14,"minecraft:time_since_death":254053,"minecraft:damage_resisted":63,"minecraft:sprint_one_cm":1196004,"minecraft:damage_blocked_by_shield":2402,"minecraft:drop":127,"minecraft:talked_to_villager":3,"minecraft:play_time":722922,"minecraft:deaths":6,"minecraft:jump":12560,"minecraft:walk_on_water_one_cm":74432,"minecraft:interact_with_furnace":96,"minecraft:sleep_in_bed":18,"minecraft:damage_dealt":33623,"minecraft:crouch_one_cm":51167,"minecraft:interact_with_smoker":1,"minecraft:use_cauldron":2,"minecraft:horse_one_cm":185583,"minecraft:interact_with_smithing_table":8,"minecraft:mob_kills":181,"minecraft:fill_cauldron":3,"minecraft:damage_dealt_resisted":32,"minecraft:climb_one_cm":30585,"minecraft:walk_one_cm":1601324,"minecraft:damage_dealt_absorbed":120,"minecraft:sneak_time":15990,"minecraft:walk_under_water_one_cm":219331,"minecraft:boat_one_cm":170613,"minecraft:interact_with_blast_furnace":2,"minecraft:total_world_time":722922,"minecraft:time_since_rest":4258,"minecraft:damage_taken":13585,"minecraft:damage_absorbed":160,"minecraft:swim_one_cm":112505,"minecraft:fly_one_cm":2394872,"minecraft:open_chest":215,"minecraft:fall_one_cm":411033}},"DataVersion":3465}