{"stats":{"minecraft:custom":{"minecraft:interact_with_furnace":21,"minecraft:mob_kills":18,"minecraft:interact_with_crafting_table":19,"minecraft:damage_dealt_resisted":32,"minecraft:leave_game":5,"minecraft:time_since_death":100381,"minecraft:sleep_in_bed":1,"minecraft:climb_one_cm":7404,"minecraft:time_since_rest":86773,"minecraft:sprint_one_cm":242360,"minecraft:damage_taken":4021,"minecraft:walk_one_cm":443024,"minecraft:drop":60,"minecraft:damage_dealt":3402,"minecraft:fly_one_cm":355072,"minecraft:talked_to_villager":1,"minecraft:open_chest":86,"minecraft:crouch_one_cm":11651,"minecraft:play_time":162563,"minecraft:deaths":5,"minecraft:sneak_time":2992,"minecraft:walk_under_water_one_cm":8073,"minecraft:jump":2234,"minecraft:interact_with_blast_furnace":2,"minecraft:walk_on_water_one_cm":1758,"minecraft:total_world_time":162563,"minecraft:interact_with_smoker":1,"minecraft:fall_one_cm":65387,"minecraft:horse_one_cm":8},"minecraft:dropped":{"minecraft:gravel":11,"minecraft:water_bucket":1,"minecraft:stone_axe":1,"minecraft:sweet_berries":2,"minecraft:wheat_seeds":1,"minecraft:cobbled_deepslate":1822,"minecraft:crafting_table":1,"minecraft:tuff":192,"minecraft:stick":1,"minecraft:deepslate_bricks":2,"mca:book_romance":1,"vanillaplustools:stone_hammer":2,"minecraft:spider_eye":1,"minecraft:stone_pickaxe":1,"minecraft:wooden_pickaxe":2,"minecraft:string":2,"minecraft:netherrack":562,"minecraft:spruce_sapling":1},"minecraft:used":{"minecraft:water_bucket":30,"minecraft:diamond_boots":1,"minecraft:flint_and_steel":1,"minecraft:armor_stand":1,"minecraft:stone_pickaxe":205,"minecraft:spruce_planks":83,"minecraft:wooden_pickaxe":51,"minecraft:blue_bed":2,"vanillaplustools:stone_hammer":348,"minecraft:deepslate_bricks":5,"minecraft:rotten_flesh":8,"minecraft:netherrack":8,"minecraft:torch":64,"minecraft:diamond_block":1,"minecraft:dirt":3,"minecraft:carrot":5,"minecraft:crafting_table":11,"minecraft:tuff":77,"minecraft:spruce_log":3,"minecraft:black_wool":1,"minecraft:apple":1,"minecraft:lava_bucket":25,"minecraft:spruce_button":2,"minecraft:iron_axe":29,"minecraft:bread":30,"minecraft:iron_pickaxe":220,"minecraft:iron_door":1,"minecraft:spruce_sapling":4,"minecraft:gravel":2,"minecraft:stone_axe":125,"minecraft:diamond_chestplate":1,"minecraft:diamond_sword":64,"minecraft:cobblestone":16,"minecraft:beef":1,"minecraft:sweet_berries":24,"minecraft:porkchop":2,"minecraft:furnace":4,"minecraft:bucket":56,"minecraft:egg":2,"minecraft:cobbled_deepslate":51},"minecraft:mined":{"minecraft:tuff":253,"minecraft:spruce_planks":1,"minecraft:glass_pane":1,"minecraft:deepslate_diamond_ore":38,"minecraft:crafting_table":6,"minecraft:grass_block":3,"minecraft:deepslate_bricks":11,"minecraft:tall_grass":4,"minecraft:cobblestone":12,"minecraft:deepslate_gold_ore":5,"minecraft:iron_door":1,"minecraft:blue_bed":2,"minecraft:magma_block":1,"minecraft:furnace":4,"minecraft:iron_ore":4,"minecraft:fire":13,"minecraft:cobbled_deepslate":3,"minecraft:spruce_log":148,"minecraft:diamond_block":1,"minecraft:grass":8,"minecraft:deepslate_iron_ore":24,"minecraft:gravel":17,"minecraft:stone":29,"minecraft:gold_ore":2,"minecraft:netherrack":659,"minecraft:deepslate":2381},"minecraft:broken":{"minecraft:stone_pickaxe":1,"vanillaplustools:stone_hammer":1,"minecraft:iron_axe":1},"minecraft:picked_up":{"minecraft:crafting_table":6,"minecraft:magma_block":1,"minecraft:iron_door":1,"minecraft:water_bucket":1,"minecraft:leather":2,"minecraft:diamond_sword":1,"minecraft:wooden_pickaxe":3,"minecraft:birch_planks":12,"minecraft:flint":3,"minecraft:tuff":313,"mca:book_romance":1,"minecraft:string":4,"minecraft:dirt":3,"minecraft:blue_bed":3,"simpleradio:transceiver":2,"minecraft:armor_stand":2,"minecraft:bone":1,"minecraft:apple":1,"minecraft:raw_gold":7,"minecraft:wheat_seeds":2,"minecraft:diamond_leggings":1,"minecraft:cobbled_deepslate":1947,"minecraft:spruce_planks":170,"minecraft:iron_ingot":4,"minecraft:beef":1,"minecraft:stone_pickaxe":2,"minecraft:furnace":4,"minecraft:egg":1,"minecraft:raw_iron":28,"minecraft:stick":5,"minecraft:sweet_berries":17,"minecraft:torch":123,"minecraft:gravel":15,"minecraft:porkchop":2,"minecraft:spruce_sapling":12,"minecraft:spruce_log":125,"minecraft:carrot":3,"minecraft:diamond_block":2,"minecraft:spider_eye":2,"minecraft:rotten_flesh":13,"minecraft:diamond_chestplate":1,"minecraft:diamond":39,"minecraft:stone_axe":2,"minecraft:deepslate_bricks":13,"vanillaplustools:stone_hammer":8,"minecraft:spruce_button":1,"minecraft:bread":77,"minecraft:netherrack":570,"minecraft:black_wool":1,"minecraft:cobblestone":45},"minecraft:crafted":{"minecraft:diamond_sword":1,"vanillaplustools:stone_hammer":1,"minecraft:crafting_table":7,"minecraft:spruce_planks":488,"minecraft:spruce_button":1,"minecraft:wooden_pickaxe":1,"minecraft:furnace":2,"minecraft:bucket":2,"minecraft:flint_and_steel":1,"minecraft:air":0,"minecraft:diamond_block":1,"minecraft:diamond":9,"minecraft:diamond_helmet":1,"minecraft:diamond_leggings":1,"minecraft:stick":12,"minecraft:iron_ingot":13,"minecraft:iron_pickaxe":3,"minecraft:stone_pickaxe":2,"minecraft:diamond_boots":1,"minecraft:diamond_chestplate":1},"minecraft:killed":{"minecraft:pig":1,"minecraft:spider":4,"minecraft:skeleton":3,"minecraft:zombie":9,"minecraft:cow":1}},"DataVersion":3465}