{
  "minecraft:recipes/decorations/crafting_table": {
    "criteria": {
      "unlock_right_away": "2024-08-16 23:25:10 +0000"
    },
    "done": true
  },
  "mca:root": {
    "criteria": {
      "village_taiga": "2024-08-16 23:25:11 +0000"
    },
    "done": true
  },
  "minecraft:adventure/adventuring_time": {
    "criteria": {
      "minecraft:old_growth_pine_taiga": "2024-08-16 23:28:06 +0000",
      "minecraft:taiga": "2024-08-16 23:25:11 +0000",
      "minecraft:frozen_river": "2024-08-16 23:29:14 +0000",
      "minecraft:beach": "2024-08-16 23:28:08 +0000",
      "minecraft:river": "2024-08-16 23:28:10 +0000",
      "minecraft:snowy_plains": "2024-08-16 23:29:07 +0000",
      "minecraft:snowy_taiga": "2024-08-16 23:29:04 +0000",
      "minecraft:cold_ocean": "2024-08-16 23:26:47 +0000",
      "minecraft:forest": "2024-08-16 23:28:29 +0000",
      "minecraft:frozen_ocean": "2024-08-16 23:29:23 +0000",
      "minecraft:deep_frozen_ocean": "2024-08-16 23:29:52 +0000",
      "minecraft:old_growth_spruce_taiga": "2024-08-16 23:28:16 +0000",
      "minecraft:snowy_beach": "2024-08-16 23:29:21 +0000"
    },
    "done": false
  },
  "DataVersion": 3465
}